postcode,Suburb,state
3000,MELBOURNE,VIC
3001,MELBOURNE,VIC
3002,EAST MELBOURNE,VIC
3003,WEST MELBOURNE,VIC
3004,MELBOURNE,VIC
3004,ST KILDA ROAD CENTRAL,VIC
3004,ST KILDA ROAD MELBOURNE,VIC
3005,WORLD TRADE CENTRE,VIC
3006,SOUTH WHARF,VIC
3006,SOUTHBANK,VIC
3008,DOCKLANDS,VIC
3010,UNIVERSITY OF MELBOURNE,VIC
3011,FOOTSCRAY,VIC
3011,SEDDON,VIC
3011,SEDDON WEST,VIC
3012,BROOKLYN,VIC
3012,KINGSVILLE,VIC
3012,KINGSVILLE WEST,VIC
3012,MAIDSTONE,VIC
3012,TOTTENHAM,VIC
3012,WEST FOOTSCRAY,VIC
3013,YARRAVILLE,VIC
3013,YARRAVILLE WEST,VIC
3015,NEWPORT,VIC
3015,SOUTH KINGSVILLE,VIC
3015,SPOTSWOOD,VIC
3016,WILLIAMSTOWN,VIC
3016,WILLIAMSTOWN NORTH,VIC
3018,ALTONA,VIC
3018,SEAHOLME,VIC
3019,BRAYBROOK,VIC
3019,BRAYBROOK NORTH,VIC
3019,ROBINSON,VIC
3020,ALBION,VIC
3020,GLENGALA,VIC
3020,SUNSHINE,VIC
3020,SUNSHINE NORTH,VIC
3020,SUNSHINE WEST,VIC
3021,ALBANVALE,VIC
3021,KEALBA,VIC
3021,KINGS PARK,VIC
3021,ST ALBANS,VIC
3022,ARDEER,VIC
3022,DEER PARK EAST,VIC
3023,BURNSIDE,VIC
3023,BURNSIDE HEIGHTS,VIC
3023,CAIRNLEA,VIC
3023,CAROLINE SPRINGS,VIC
3023,DEER PARK,VIC
3023,DEER PARK NORTH,VIC
3023,RAVENHALL,VIC
3024,FIELDSTONE,VIC
3024,MAMBOURIN,VIC
3024,MANOR LAKES,VIC
3024,MOUNT COTTRELL,VIC
3024,WYNDHAM VALE,VIC
3025,ALTONA EAST,VIC
3025,ALTONA GATE,VIC
3025,ALTONA NORTH,VIC
3026,LAVERTON NORTH,VIC
3027,LAVERTON RAAF,VIC
3027,WILLIAMS LANDING,VIC
3027,WILLIAMS RAAF,VIC
3028,ALTONA MEADOWS,VIC
3028,LAVERTON,VIC
3028,SEABROOK,VIC
3029,HOPPERS CROSSING,VIC
3029,TARNEIT,VIC
3029,TRUGANINA,VIC
3030,CHARTWELL,VIC
3030,COCOROC,VIC
3030,DERRIMUT,VIC
3030,POINT COOK,VIC
3030,QUANDONG,VIC
3030,WERRIBEE,VIC
3030,WERRIBEE SOUTH,VIC
3031,FLEMINGTON,VIC
3031,KENSINGTON,VIC
3032,ASCOT VALE,VIC
3032,HIGHPOINT CITY,VIC
3032,MARIBYRNONG,VIC
3032,TRAVANCORE,VIC
3033,KEILOR EAST,VIC
3034,AVONDALE HEIGHTS,VIC
3036,KEILOR,VIC
3036,KEILOR NORTH,VIC
3037,CALDER PARK,VIC
3037,DELAHEY,VIC
3037,HILLSIDE,VIC
3037,PLUMPTON,VIC
3037,SYDENHAM,VIC
3037,TAYLORS HILL,VIC
3038,KEILOR DOWNS,VIC
3038,KEILOR LODGE,VIC
3038,TAYLORS LAKES,VIC
3038,WATERGARDENS,VIC
3039,MOONEE PONDS,VIC
3040,ABERFELDIE,VIC
3040,ESSENDON,VIC
3040,ESSENDON WEST,VIC
3041,ESSENDON FIELDS,VIC
3041,ESSENDON NORTH,VIC
3041,STRATHMORE,VIC
3041,STRATHMORE HEIGHTS,VIC
3042,AIRPORT WEST,VIC
3042,KEILOR PARK,VIC
3042,NIDDRIE,VIC
3042,NIDDRIE NORTH,VIC
3043,GLADSTONE PARK,VIC
3043,GOWANBRAE,VIC
3043,TULLAMARINE,VIC
3044,PASCOE VALE,VIC
3044,PASCOE VALE SOUTH,VIC
3045,MELBOURNE AIRPORT,VIC
3046,GLENROY,VIC
3046,HADFIELD,VIC
3046,OAK PARK,VIC
3047,BROADMEADOWS,VIC
3047,DALLAS,VIC
3047,JACANA,VIC
3048,COOLAROO,VIC
3048,MEADOW HEIGHTS,VIC
3049,ATTWOOD,VIC
3049,WESTMEADOWS,VIC
3050,ROYAL MELBOURNE HOSPITAL,VIC
3051,HOTHAM HILL,VIC
3051,NORTH MELBOURNE,VIC
3052,MELBOURNE UNIVERSITY,VIC
3052,PARKVILLE,VIC
3053,CARLTON,VIC
3053,CARLTON SOUTH,VIC
3054,CARLTON NORTH,VIC
3054,PRINCES HILL,VIC
3055,BRUNSWICK SOUTH,VIC
3055,BRUNSWICK WEST,VIC
3055,MOONEE VALE,VIC
3055,MORELAND WEST,VIC
3056,BRUNSWICK,VIC
3056,BRUNSWICK LOWER,VIC
3056,BRUNSWICK NORTH,VIC
3057,BRUNSWICK EAST,VIC
3057,LYGON STREET NORTH,VIC
3057,SUMNER,VIC
3058,BATMAN,VIC
3058,COBURG,VIC
3058,COBURG NORTH,VIC
3058,MERLYNSTON,VIC
3058,MORELAND,VIC
3059,GREENVALE,VIC
3060,FAWKNER,VIC
3060,FAWKNER EAST,VIC
3060,FAWKNER NORTH,VIC
3061,CAMPBELLFIELD,VIC
3062,SOMERTON,VIC
3063,OAKLANDS JUNCTION,VIC
3063,YUROKE,VIC
3064,CRAIGIEBURN,VIC
3064,DONNYBROOK,VIC
3064,KALKALLO,VIC
3064,MICKLEHAM,VIC
3064,ROXBURGH PARK,VIC
3065,FITZROY,VIC
3066,COLLINGWOOD,VIC
3066,COLLINGWOOD NORTH,VIC
3067,ABBOTSFORD,VIC
3068,CLIFTON HILL,VIC
3068,FITZROY NORTH,VIC
3070,NORTHCOTE,VIC
3070,NORTHCOTE SOUTH,VIC
3071,THORNBURY,VIC
3072,GILBERTON,VIC
3072,NORTHLAND CENTRE,VIC
3072,PRESTON,VIC
3072,PRESTON LOWER,VIC
3072,PRESTON SOUTH,VIC
3072,PRESTON WEST,VIC
3072,REGENT WEST,VIC
3072,SYLVESTER,VIC
3073,KEON PARK,VIC
3073,RESERVOIR,VIC
3073,RESERVOIR EAST,VIC
3073,RESERVOIR NORTH,VIC
3073,RESERVOIR SOUTH,VIC
3074,THOMASTOWN,VIC
3075,LALOR,VIC
3075,LALOR PLAZA,VIC
3076,EPPING,VIC
3076,EPPING DC,VIC
3078,ALPHINGTON,VIC
3078,FAIRFIELD,VIC
3079,IVANHOE,VIC
3079,IVANHOE EAST,VIC
3079,IVANHOE NORTH,VIC
3081,BELLFIELD,VIC
3081,HEIDELBERG HEIGHTS,VIC
3081,HEIDELBERG RGH,VIC
3081,HEIDELBERG WEST,VIC
3082,MILL PARK,VIC
3083,BUNDOORA,VIC
3083,KINGSBURY,VIC
3083,LA TROBE UNIVERSITY,VIC
3084,BANYULE,VIC
3084,EAGLEMONT,VIC
3084,HEIDELBERG,VIC
3084,ROSANNA,VIC
3084,VIEWBANK,VIC
3085,MACLEOD,VIC
3085,MACLEOD WEST,VIC
3085,YALLAMBIE,VIC
3086,LA TROBE UNIVERSITY,VIC
3087,WATSONIA,VIC
3087,WATSONIA NORTH,VIC
3088,BRIAR HILL,VIC
3088,GREENSBOROUGH,VIC
3088,SAINT HELENA,VIC
3088,ST HELENA,VIC
3089,DIAMOND CREEK,VIC
3090,PLENTY,VIC
3091,YARRAMBAT,VIC
3093,LOWER PLENTY,VIC
3094,MONTMORENCY,VIC
3095,ELTHAM,VIC
3095,ELTHAM NORTH,VIC
3095,RESEARCH,VIC
3096,WATTLE GLEN,VIC
3097,BEND OF ISLANDS,VIC
3097,KANGAROO GROUND,VIC
3097,WATSONS CREEK,VIC
3099,ARTHURS CREEK,VIC
3099,COTTLES BRIDGE,VIC
3099,HURSTBRIDGE,VIC
3099,NUTFIELD,VIC
3099,STRATHEWEN,VIC
3101,COTHAM,VIC
3101,KEW,VIC
3102,KEW EAST,VIC
3103,BALWYN,VIC
3103,BALWYN EAST,VIC
3103,DEEPDENE,VIC
3103,DEEPDENE DC,VIC
3103,STRADBROKE PARK,VIC
3104,BALWYN NORTH,VIC
3104,GREYTHORN,VIC
3105,BULLEEN,VIC
3105,BULLEEN SOUTH,VIC
3106,TEMPLESTOWE,VIC
3107,TEMPLESTOWE LOWER,VIC
3108,DONCASTER,VIC
3109,DONCASTER EAST,VIC
3109,DONCASTER HEIGHTS,VIC
3109,THE PINES,VIC
3109,TUNSTALL SQUARE PO,VIC
3111,DONVALE,VIC
3113,NORTH WARRANDYTE,VIC
3113,WARRANDYTE,VIC
3114,PARK ORCHARDS,VIC
3115,WONGA PARK,VIC
3116,CHIRNSIDE PARK,VIC
3121,BURNLEY,VIC
3121,BURNLEY NORTH,VIC
3121,CREMORNE,VIC
3121,RICHMOND,VIC
3121,RICHMOND EAST,VIC
3121,RICHMOND NORTH,VIC
3121,RICHMOND SOUTH,VIC
3121,VICTORIA GARDENS,VIC
3122,AUBURN SOUTH,VIC
3122,GLENFERRIE SOUTH,VIC
3122,HAWTHORN,VIC
3122,HAWTHORN NORTH,VIC
3122,HAWTHORN WEST,VIC
3123,AUBURN,VIC
3123,HAWTHORN EAST,VIC
3124,CAMBERWELL,VIC
3124,CAMBERWELL NORTH,VIC
3124,CAMBERWELL SOUTH,VIC
3124,CAMBERWELL WEST,VIC
3124,HARTWELL,VIC
3124,MIDDLE CAMBERWELL,VIC
3125,BENNETTSWOOD,VIC
3125,BURWOOD,VIC
3125,SURREY HILLS SOUTH,VIC
3126,CAMBERWELL EAST,VIC
3126,CANTERBURY,VIC
3127,MONT ALBERT,VIC
3127,SURREY HILLS,VIC
3127,SURREY HILLS NORTH,VIC
3128,BOX HILL,VIC
3128,BOX HILL CENTRAL,VIC
3128,BOX HILL SOUTH,VIC
3128,HOUSTON,VIC
3128,WATTLE PARK,VIC
3129,BOX HILL NORTH,VIC
3129,KERRIMUIR,VIC
3129,MONT ALBERT NORTH,VIC
3130,BLACKBURN,VIC
3130,BLACKBURN NORTH,VIC
3130,BLACKBURN SOUTH,VIC
3130,LABURNUM,VIC
3131,BRENTFORD SQUARE,VIC
3131,FOREST HILL,VIC
3131,NUNAWADING,VIC
3132,MITCHAM,VIC
3132,MITCHAM NORTH,VIC
3132,RANGEVIEW,VIC
3133,VERMONT,VIC
3133,VERMONT SOUTH,VIC
3134,HEATHWOOD,VIC
3134,RINGWOOD,VIC
3134,RINGWOOD NORTH,VIC
3134,WARRANDYTE SOUTH,VIC
3134,WARRANWOOD,VIC
3135,BEDFORD ROAD,VIC
3135,HEATHMONT,VIC
3135,RINGWOOD EAST,VIC
3136,CROYDON,VIC
3136,CROYDON HILLS,VIC
3136,CROYDON NORTH,VIC
3136,CROYDON SOUTH,VIC
3137,KILSYTH,VIC
3137,KILSYTH SOUTH,VIC
3138,MOOROOLBARK,VIC
3139,BEENAK,VIC
3139,DON VALLEY,VIC
3139,HODDLES CREEK,VIC
3139,LAUNCHING PLACE,VIC
3139,SEVILLE,VIC
3139,SEVILLE EAST,VIC
3139,WANDIN EAST,VIC
3139,WANDIN NORTH,VIC
3139,WOORI YALLOCK,VIC
3139,YELLINGBO,VIC
3140,LILYDALE,VIC
3141,CHAPEL STREET NORTH,VIC
3141,DOMAIN ROAD PO,VIC
3141,SOUTH YARRA,VIC
3142,HAWKSBURN,VIC
3142,TOORAK,VIC
3143,ARMADALE,VIC
3143,ARMADALE NORTH,VIC
3144,KOOYONG,VIC
3144,MALVERN,VIC
3144,MALVERN NORTH,VIC
3145,CAULFIELD EAST,VIC
3145,CENTRAL PARK,VIC
3145,DARLING,VIC
3145,DARLING SOUTH,VIC
3145,MALVERN EAST,VIC
3145,WATTLETREE ROAD PO,VIC
3146,GLEN IRIS,VIC
3147,ASHBURTON,VIC
3147,ASHWOOD,VIC
3148,CHADSTONE,VIC
3148,CHADSTONE CENTRE,VIC
3148,HOLMESGLEN,VIC
3148,JORDANVILLE,VIC
3149,MOUNT WAVERLEY,VIC
3149,PINEWOOD,VIC
3149,SYNDAL,VIC
3150,BRANDON PARK,VIC
3150,GLEN WAVERLEY,VIC
3150,WHEELERS HILL,VIC
3151,BURWOOD EAST,VIC
3151,BURWOOD HEIGHTS,VIC
3152,KNOX CITY CENTRE,VIC
3152,STUDFIELD,VIC
3152,WANTIRNA,VIC
3152,WANTIRNA SOUTH,VIC
3153,BAYSWATER,VIC
3153,BAYSWATER NORTH,VIC
3154,THE BASIN,VIC
3155,BORONIA,VIC
3156,FERNTREE GULLY,VIC
3156,LYSTERFIELD,VIC
3156,LYSTERFIELD SOUTH,VIC
3156,MOUNTAIN GATE,VIC
3156,UPPER FERNTREE GULLY,VIC
3158,UPWEY,VIC
3159,MENZIES CREEK,VIC
3159,SELBY,VIC
3160,BELGRAVE,VIC
3160,BELGRAVE HEIGHTS,VIC
3160,BELGRAVE SOUTH,VIC
3160,TECOMA,VIC
3161,CAULFIELD JUNCTION,VIC
3161,CAULFIELD NORTH,VIC
3162,CAULFIELD,VIC
3162,CAULFIELD SOUTH,VIC
3162,HOPETOUN GARDENS,VIC
3163,BOORAN ROAD PO,VIC
3163,CARNEGIE,VIC
3163,GLEN HUNTLY,VIC
3163,MURRUMBEENA,VIC
3164,DANDENONG SOUTH,VIC
3165,BENTLEIGH EAST,VIC
3165,COATESVILLE,VIC
3166,HUGHESDALE,VIC
3166,HUNTINGDALE,VIC
3166,OAKLEIGH,VIC
3166,OAKLEIGH EAST,VIC
3167,OAKLEIGH SOUTH,VIC
3168,CLAYTON,VIC
3168,NOTTING HILL,VIC
3169,CLARINDA,VIC
3169,CLAYTON SOUTH,VIC
3170,MULGRAVE,VIC
3170,WAVERLEY GARDENS,VIC
3171,SANDOWN VILLAGE,VIC
3171,SPRINGVALE,VIC
3172,DINGLEY VILLAGE,VIC
3172,SPRINGVALE SOUTH,VIC
3173,KEYSBOROUGH,VIC
3174,NOBLE PARK,VIC
3174,NOBLE PARK EAST,VIC
3174,NOBLE PARK NORTH,VIC
3175,BANGHOLME,VIC
3175,DANDENONG,VIC
3175,DANDENONG EAST,VIC
3175,DANDENONG NORTH,VIC
3175,DANDENONG SOUTH,VIC
3175,DUNEARN,VIC
3176,SCORESBY BC,VIC
3177,DOVETON,VIC
3177,EUMEMMERRING,VIC
3178,ROWVILLE,VIC
3179,SCORESBY,VIC
3180,KNOXFIELD,VIC
3181,PRAHRAN,VIC
3181,PRAHRAN EAST,VIC
3181,WINDSOR,VIC
3182,ST KILDA,VIC
3182,ST KILDA SOUTH,VIC
3182,ST KILDA WEST,VIC
3183,BALACLAVA,VIC
3183,ST KILDA EAST,VIC
3184,BRIGHTON ROAD,VIC
3184,ELWOOD,VIC
3185,ELSTERNWICK,VIC
3185,GARDENVALE,VIC
3185,RIPPONLEA,VIC
3186,BRIGHTON,VIC
3186,BRIGHTON NORTH,VIC
3186,DENDY,VIC
3186,WERE STREET PO,VIC
3187,BRIGHTON EAST,VIC
3187,NORTH ROAD,VIC
3188,HAMPTON,VIC
3188,HAMPTON EAST,VIC
3188,HAMPTON NORTH,VIC
3189,MOORABBIN,VIC
3189,MOORABBIN EAST,VIC
3189,WISHART,VIC
3190,HIGHETT,VIC
3191,SANDRINGHAM,VIC
3192,CHELTENHAM,VIC
3192,CHELTENHAM EAST,VIC
3192,CHELTENHAM NORTH,VIC
3192,SOUTHLAND CENTRE,VIC
3193,BEAUMARIS,VIC
3193,BLACK ROCK,VIC
3193,BLACK ROCK NORTH,VIC
3193,CROMER,VIC
3194,MENTONE,VIC
3194,MENTONE EAST,VIC
3194,MOORABBIN AIRPORT,VIC
3195,ASPENDALE,VIC
3195,ASPENDALE GARDENS,VIC
3195,BRAESIDE,VIC
3195,MORDIALLOC,VIC
3195,MORDIALLOC NORTH,VIC
3195,PARKDALE,VIC
3195,WATERWAYS,VIC
3196,BONBEACH,VIC
3196,CHELSEA,VIC
3196,CHELSEA HEIGHTS,VIC
3196,EDITHVALE,VIC
3197,CARRUM,VIC
3197,PATTERSON LAKES,VIC
3198,BELVEDERE PARK,VIC
3198,SEAFORD,VIC
3199,FRANKSTON,VIC
3199,FRANKSTON EAST,VIC
3199,FRANKSTON HEIGHTS,VIC
3199,FRANKSTON SOUTH,VIC
3199,KARINGAL,VIC
3199,KARINGAL CENTRE,VIC
3200,FRANKSTON NORTH,VIC
3200,PINES FOREST,VIC
3201,CARRUM DOWNS,VIC
3202,HEATHERTON,VIC
3204,BENTLEIGH,VIC
3204,MCKINNON,VIC
3204,ORMOND,VIC
3204,PATTERSON,VIC
3205,SOUTH MELBOURNE,VIC
3205,SOUTH MELBOURNE DC,VIC
3206,ALBERT PARK,VIC
3206,MIDDLE PARK,VIC
3207,GARDEN CITY,VIC
3207,PORT MELBOURNE,VIC
3211,LITTLE RIVER,VIC
3212,AVALON,VIC
3212,LARA,VIC
3212,POINT WILSON,VIC
3213,ANAKIE,VIC
3213,BATESFORD,VIC
3213,LOVELY BANKS,VIC
3213,MOORABOOL,VIC
3214,CORIO,VIC
3214,NORLANE,VIC
3214,NORTH SHORE,VIC
3215,BELL PARK,VIC
3215,BELL POST HILL,VIC
3215,DRUMCONDRA,VIC
3215,GEELONG NORTH,VIC
3215,HAMLYN HEIGHTS,VIC
3215,NORTH GEELONG,VIC
3215,RIPPLESIDE,VIC
3216,BELMONT,VIC
3216,FRESHWATER CREEK,VIC
3216,GROVEDALE,VIC
3216,GROVEDALE EAST,VIC
3216,HIGHTON,VIC
3216,MARSHALL,VIC
3216,MOUNT DUNEED,VIC
3216,WANDANA HEIGHTS,VIC
3216,WAURN PONDS,VIC
3217,ARMSTRONG CREEK,VIC
3217,CHARLEMONT,VIC
3217,DEAKIN UNIVERSITY,VIC
3217,FRESHWATER CREEK,VIC
3217,MOUNT DUNEED,VIC
3218,FYANSFORD,VIC
3218,GEELONG WEST,VIC
3218,HERNE HILL,VIC
3218,MANIFOLD HEIGHTS,VIC
3218,MURGHEBOLUC,VIC
3218,STONEHAVEN,VIC
3219,BREAKWATER,VIC
3219,EAST GEELONG,VIC
3219,NEWCOMB,VIC
3219,ST ALBANS PARK,VIC
3219,THOMSON,VIC
3219,WHITTINGTON,VIC
3220,BAREENA,VIC
3220,GEELONG,VIC
3220,NEWTOWN,VIC
3220,SOUTH GEELONG,VIC
3221,ANAKIE,VIC
3221,BARRABOOL,VIC
3221,BATESFORD,VIC
3221,BELLARINE,VIC
3221,CERES,VIC
3221,FYANSFORD,VIC
3221,GEELONG MC,VIC
3221,GNARWARRE,VIC
3221,GREY RIVER,VIC
3221,KENNETT RIVER,VIC
3221,LOVELY BANKS,VIC
3221,MOOLAP,VIC
3221,MOORABOOL,VIC
3221,MURGHEBOLUC,VIC
3221,SEPARATION CREEK,VIC
3221,STAUGHTON VALE,VIC
3221,STONEHAVEN,VIC
3221,SUGARLOAF,VIC
3221,WALLINGTON,VIC
3221,WONGARRA,VIC
3221,WYE RIVER,VIC
3222,CLIFTON SPRINGS,VIC
3222,CURLEWIS,VIC
3222,DRYSDALE,VIC
3222,MANNERIM,VIC
3222,MARCUS HILL,VIC
3222,WALLINGTON,VIC
3223,BELLARINE,VIC
3223,INDENTED HEAD,VIC
3223,PORTARLINGTON,VIC
3223,ST LEONARDS,VIC
3224,LEOPOLD,VIC
3224,MOOLAP,VIC
3225,POINT LONSDALE,VIC
3225,QUEENSCLIFF,VIC
3225,SWAN BAY,VIC
3225,SWAN ISLAND,VIC
3226,OCEAN GROVE,VIC
3227,BARWON HEADS,VIC
3227,BREAMLEA,VIC
3227,CONNEWARRE,VIC
3228,BELLBRAE,VIC
3228,BELLS BEACH,VIC
3228,JAN JUC,VIC
3228,TORQUAY,VIC
3230,ANGLESEA,VIC
3231,AIREYS INLET,VIC
3231,BIG HILL,VIC
3231,EASTERN VIEW,VIC
3231,FAIRHAVEN,VIC
3231,MOGGS CREEK,VIC
3232,BIG HILL,VIC
3232,LORNE,VIC
3233,APOLLO BAY,VIC
3233,CAPE OTWAY,VIC
3233,MARENGO,VIC
3233,PETTICOAT CREEK,VIC
3233,SKENES CREEK,VIC
3233,SKENES CREEK NORTH,VIC
3234,GREY RIVER,VIC
3234,KENNETT RIVER,VIC
3234,SEPARATION CREEK,VIC
3234,SUGARLOAF,VIC
3234,WONGARRA,VIC
3234,WYE RIVER,VIC
3235,BENWERRIN,VIC
3235,BOONAH,VIC
3235,DEANS MARSH,VIC
3235,PENNYROYAL,VIC
3236,FORREST,VIC
3236,MOUNT SABINE,VIC
3237,AIRE VALLEY,VIC
3237,BEECH FOREST,VIC
3237,FERGUSON,VIC
3237,GELLIBRAND LOWER,VIC
3237,WATTLE HILL,VIC
3237,WEEAPROINAH,VIC
3237,WYELANGTA,VIC
3237,YUULONG,VIC
3238,GLENAIRE,VIC
3238,HORDERN VALE,VIC
3238,JOHANNA,VIC
3238,LAVERS HILL,VIC
3239,CARLISLE RIVER,VIC
3239,CHAPPLE VALE,VIC
3239,GELLIBRAND,VIC
3239,KENNEDYS CREEK,VIC
3240,BUCKLEY,VIC
3240,GHERANG,VIC
3240,MODEWARRE,VIC
3240,MORIAC,VIC
3240,MOUNT MORIAC,VIC
3240,PARAPARAP,VIC
3241,BAMBRA,VIC
3241,OMBERSLEY,VIC
3241,WENSLEYDALE,VIC
3241,WINCHELSEA,VIC
3241,WINCHELSEA SOUTH,VIC
3241,WURDIBOLUC,VIC
3242,BIRREGURRA,VIC
3243,BARWON DOWNS,VIC
3243,GERANGAMETE,VIC
3243,MURROON,VIC
3243,WARNCOORT,VIC
3243,WHOOREL,VIC
3249,ALVIE,VIC
3249,BALINTORE,VIC
3249,BARONGAROOK,VIC
3249,BARONGAROOK WEST,VIC
3249,BARRAMUNGA,VIC
3249,CORAGULAC,VIC
3249,CORUNNUN,VIC
3249,DREEITE,VIC
3249,DREEITE SOUTH,VIC
3249,GERANGAMETE,VIC
3249,IRREWARRA,VIC
3249,IRREWILLIPE,VIC
3249,IRREWILLIPE EAST,VIC
3249,KAWARREN,VIC
3249,LARPENT,VIC
3249,NALANGIL,VIC
3249,ONDIT,VIC
3249,PIRRON YALLOCK,VIC
3249,POMBORNEIT EAST,VIC
3249,SWAN MARSH,VIC
3249,TANYBRYN,VIC
3249,WARRION,VIC
3249,WOOL WOOL,VIC
3249,YEO,VIC
3249,YEODENE,VIC
3250,COLAC,VIC
3250,COLAC EAST,VIC
3250,COLAC WEST,VIC
3250,ELLIMINYT,VIC
3251,BEEAC,VIC
3251,CUNDARE,VIC
3251,CUNDARE NORTH,VIC
3251,EURACK,VIC
3251,WEERING,VIC
3254,COROROOKE,VIC
3260,BOOKAAR,VIC
3260,BOSTOCKS CREEK,VIC
3260,BUNGADOR,VIC
3260,CAMPERDOWN,VIC
3260,CARPENDEIT,VIC
3260,CHOCOLYN,VIC
3260,GNOTUK,VIC
3260,KARIAH,VIC
3260,KOALLAH,VIC
3260,LESLIE MANOR,VIC
3260,POMBORNEIT,VIC
3260,POMBORNEIT NORTH,VIC
3260,SKIBO,VIC
3260,SOUTH PURRUMBETE,VIC
3260,STONYFORD,VIC
3260,TANDAROOK,VIC
3260,TESBURY,VIC
3260,WEERITE,VIC
3264,TERANG,VIC
3265,BOORCAN,VIC
3265,CUDGEE,VIC
3265,DIXIE,VIC
3265,ECKLIN SOUTH,VIC
3265,ELLERSLIE,VIC
3265,FRAMLINGHAM,VIC
3265,FRAMLINGHAM EAST,VIC
3265,GARVOC,VIC
3265,GLENORMISTON NORTH,VIC
3265,GLENORMISTON SOUTH,VIC
3265,KOLORA,VIC
3265,LAANG,VIC
3265,NOORAT,VIC
3265,NOORAT EAST,VIC
3265,PANMURE,VIC
3265,TAROON,VIC
3265,THE SISTERS,VIC
3266,BULLAHARRE,VIC
3266,COBDEN,VIC
3266,COBRICO,VIC
3266,ELINGAMITE,VIC
3266,ELINGAMITE NORTH,VIC
3266,GLENFYNE,VIC
3266,JANCOURT,VIC
3266,JANCOURT EAST,VIC
3266,NAROGHID,VIC
3266,SIMPSON,VIC
3267,SCOTTS CREEK,VIC
3268,AYRFORD,VIC
3268,BRUCKNELL,VIC
3268,COORIEMUNGLE,VIC
3268,COWLEYS CREEK,VIC
3268,CURDIE VALE,VIC
3268,CURDIES RIVER,VIC
3268,CURDIEVALE,VIC
3268,HEYTESBURY LOWER,VIC
3268,NEWFIELD,VIC
3268,NIRRANDA,VIC
3268,NIRRANDA EAST,VIC
3268,NIRRANDA SOUTH,VIC
3268,NULLAWARRE,VIC
3268,NULLAWARRE EAST,VIC
3268,NULLAWARRE NORTH,VIC
3268,PAARATTE,VIC
3268,THE COVE,VIC
3268,TIMBOON,VIC
3268,TIMBOON WEST,VIC
3269,PORT CAMPBELL,VIC
3269,PRINCETOWN,VIC
3269,WAARRE,VIC
3270,PETERBOROUGH,VIC
3271,DARLINGTON,VIC
3271,DUNDONNELL,VIC
3271,PURA PURA,VIC
3272,MORTLAKE,VIC
3272,WOORNDOO,VIC
3273,HEXHAM,VIC
3274,CARAMUT,VIC
3275,MAILER FLAT,VIC
3275,MAILORS FLAT,VIC
3276,MINJAH,VIC
3276,WOOLSTHORPE,VIC
3277,ALLANSFORD,VIC
3277,MEPUNGA,VIC
3277,MEPUNGA EAST,VIC
3277,MEPUNGA WEST,VIC
3277,NARINGAL,VIC
3277,NARINGAL EAST,VIC
3278,PURNIM,VIC
3278,PURNIM WEST,VIC
3279,BALLANGEICH,VIC
3279,WANGOOM,VIC
3280,DENNINGTON,VIC
3280,MINJAH,VIC
3280,WARRNAMBOOL,VIC
3280,WARRNAMBOOL EAST,VIC
3280,WARRNAMBOOL WEST,VIC
3281,BUSHFIELD,VIC
3281,GRASSMERE,VIC
3281,WINSLOW,VIC
3281,WOODFORD,VIC
3282,ILLOWA,VIC
3282,KOROIT,VIC
3283,CROSSLEY,VIC
3283,KILLARNEY,VIC
3283,KIRKSTALL,VIC
3283,SOUTHERN CROSS,VIC
3283,TARRONE,VIC
3283,TOWER HILL,VIC
3283,WARRONG,VIC
3283,WILLATOOK,VIC
3283,YANGERY,VIC
3283,YARPTURK,VIC
3284,ORFORD,VIC
3284,PORT FAIRY,VIC
3285,CODRINGTON,VIC
3285,NARRAWONG,VIC
3285,ROSEBROOK,VIC
3285,ST HELENS,VIC
3285,TOOLONG,VIC
3285,TYRENDARRA,VIC
3285,TYRENDARRA EAST,VIC
3285,YAMBUK,VIC
3286,CONDAH SWAMP,VIC
3286,KNEBSWORTH,VIC
3286,MACARTHUR,VIC
3286,RIPPONHURST,VIC
3286,WARRABKOOK,VIC
3287,HAWKESDALE,VIC
3287,MINHAMITE,VIC
3289,GAZETTE,VIC
3289,GERRIGERRUP,VIC
3289,PENSHURST,VIC
3289,PURDEET,VIC
3289,TABOR,VIC
3292,NELSON,VIC
3293,GLENTHOMPSON,VIC
3293,NAREEB,VIC
3293,NARRAPUMELAP SOUTH,VIC
3294,DUNKELD,VIC
3294,KARABEAL,VIC
3294,MIRRANATWA,VIC
3294,MOUTAJUP,VIC
3294,VICTORIA POINT,VIC
3294,VICTORIA VALLEY,VIC
3294,WOODHOUSE,VIC
3300,BYADUK NORTH,VIC
3300,HAMILTON,VIC
3301,BOCHARA,VIC
3301,BROADWATER,VIC
3301,BUCKLEY SWAMP,VIC
3301,BYADUK,VIC
3301,CROXTON EAST,VIC
3301,HENSLEY PARK,VIC
3301,MORGIANA,VIC
3301,MOUNT NAPIER,VIC
3301,STRATHKELLAR,VIC
3301,TAHARA,VIC
3301,TARRINGTON,VIC
3301,WANNON,VIC
3301,WARRAYURE,VIC
3301,YATCHAW,VIC
3301,YULECART,VIC
3302,BRANXHOLME,VIC
3302,GRASSDALE,VIC
3303,BREAKAWAY CREEK,VIC
3303,CONDAH,VIC
3303,CONDAH SWAMP,VIC
3303,HOTSPUR,VIC
3303,LAKE CONDAH,VIC
3303,WALLACEDALE,VIC
3304,BESSIEBELLE,VIC
3304,DARTMOOR,VIC
3304,DRIK DRIK,VIC
3304,DRUMBORG,VIC
3304,GREENWALD,VIC
3304,HEYWOOD,VIC
3304,HOMERTON,VIC
3304,LYONS,VIC
3304,MILLTOWN,VIC
3304,MUMBANNAR,VIC
3304,MYAMYN,VIC
3304,WINNAP,VIC
3305,ALLESTREE,VIC
3305,BOLWARRA,VIC
3305,CAPE BRIDGEWATER,VIC
3305,CASHMORE,VIC
3305,DUTTON WAY,VIC
3305,GORAE,VIC
3305,GORAE WEST,VIC
3305,HEATHMERE,VIC
3305,MOUNT RICHMOND,VIC
3305,PORTLAND,VIC
3305,PORTLAND NORTH,VIC
3305,PORTLAND WEST,VIC
3309,DIGBY,VIC
3310,MERINO,VIC
3310,TAHARA WEST,VIC
3311,CASTERTON,VIC
3311,CORNDALE,VIC
3311,HEATH FIELD,VIC
3311,PURALKA,VIC
3312,BAHGALLAH,VIC
3312,BRIMBOAL,VIC
3312,CARAPOOK,VIC
3312,CHETWYND,VIC
3312,DERGHOLM,VIC
3312,DORODONG,VIC
3312,DUNROBIN,VIC
3312,HENTY,VIC
3312,KILLARA,VIC
3312,LAKE MUNDI,VIC
3312,LINDSAY,VIC
3312,MUNTHAM,VIC
3312,NANGEELA,VIC
3312,POOLAIJELO,VIC
3312,POWERS CREEK,VIC
3312,SANDFORD,VIC
3312,STRATHDOWNIE,VIC
3312,WANDO BRIDGE,VIC
3312,WANDO VALE,VIC
3312,WARROCK,VIC
3314,BULART,VIC
3314,CAVENDISH,VIC
3314,GLENISLA,VIC
3314,GRAMPIANS,VIC
3314,MOORALLA,VIC
3314,WOOHLPOOER,VIC
3315,BRIT BRIT,VIC
3315,CLOVER FLAT,VIC
3315,COLERAINE,VIC
3315,COOJAR,VIC
3315,CULLA,VIC
3315,GRINGEGALGONA,VIC
3315,GRITJURK,VIC
3315,HILGAY,VIC
3315,KONONGWOOTONG,VIC
3315,MELVILLE FOREST,VIC
3315,MUNTHAM,VIC
3315,NAREEN,VIC
3315,PARKWOOD,VIC
3315,PASCHENDALE,VIC
3315,TAHARA BRIDGE,VIC
3315,TARRAYOUKYAN,VIC
3315,TARRENLEA,VIC
3315,WOOTONG VALE,VIC
3317,HARROW,VIC
3318,CHARAM,VIC
3318,CONNEWIRRICOO,VIC
3318,EDENHOPE,VIC
3318,JALLAKIN,VIC
3318,KADNOOK,VIC
3318,LANGKOOP,VIC
3318,MEEREEK,VIC
3318,PATYAH,VIC
3318,ULLSWATER,VIC
3319,APSLEY,VIC
3319,BENAYEO,VIC
3319,BRINGALBERT,VIC
3321,HESSE,VIC
3321,INVERLEIGH,VIC
3321,WINGEEL,VIC
3322,CRESSY,VIC
3323,BERRYBANK,VIC
3323,DUVERNEY,VIC
3323,FOXHOW,VIC
3324,LISMORE,VIC
3324,MINGAY,VIC
3324,MOUNT BUTE,VIC
3325,DERRINALLUM,VIC
3325,LARRALEA,VIC
3325,VITE VITE,VIC
3325,VITE VITE NORTH,VIC
3328,TEESDALE,VIC
3329,BARUNAH PARK,VIC
3329,BARUNAH PLAINS,VIC
3329,SHELFORD,VIC
3330,ROKEWOOD,VIC
3331,BANNOCKBURN,VIC
3331,GHERINGHAP,VIC
3331,MAUDE,VIC
3331,RUSSELLS BRIDGE,VIC
3331,SHE OAKS,VIC
3331,STEIGLITZ,VIC
3331,SUTHERLANDS CREEK,VIC
3332,LETHBRIDGE,VIC
3333,BAMGANIE,VIC
3333,MEREDITH,VIC
3334,BUNGAL,VIC
3334,CARGERIE,VIC
3334,ELAINE,VIC
3334,MORRISONS,VIC
3334,MOUNT DORAN,VIC
3335,BONNIE BROOK,VIC
3335,GRANGEFIELDS,VIC
3335,PLUMPTON,VIC
3335,ROCKBANK,VIC
3335,THORNHILL PARK,VIC
3336,AINTREE,VIC
3336,DEANSIDE,VIC
3336,FRASER RISE,VIC
3337,HARKNESS,VIC
3337,KURUNJANG,VIC
3337,MELTON,VIC
3337,MELTON WEST,VIC
3337,TOOLERN VALE,VIC
3338,BROOKFIELD,VIC
3338,COBBLEBANK,VIC
3338,EXFORD,VIC
3338,EYNESBURY,VIC
3338,MELTON SOUTH,VIC
3338,STRATHTULLOH,VIC
3338,WEIR VIEWS,VIC
3340,BACCHUS MARSH,VIC
3340,BALLIANG,VIC
3340,BALLIANG EAST,VIC
3340,COIMADAI,VIC
3340,DARLEY,VIC
3340,GLENMORE,VIC
3340,HOPETOUN PARK,VIC
3340,LONG FOREST,VIC
3340,MADDINGLEY,VIC
3340,MERRIMU,VIC
3340,PARWAN,VIC
3340,ROWSLEY,VIC
3340,STAUGHTON VALE,VIC
3341,DALES CREEK,VIC
3341,GREENDALE,VIC
3341,KOROBEIT,VIC
3341,MYRNIONG,VIC
3341,PENTLAND HILLS,VIC
3342,BALLAN,VIC
3342,BEREMBOKE,VIC
3342,BLAKEVILLE,VIC
3342,BUNDING,VIC
3342,COLBROOK,VIC
3342,DURDIDWARRAH,VIC
3342,FISKVILLE,VIC
3342,INGLISTON,VIC
3342,MOUNT WALLACE,VIC
3345,GORDON,VIC
3350,ALFREDTON,VIC
3350,BAKERY HILL,VIC
3350,BALLARAT,VIC
3350,BALLARAT CENTRAL,VIC
3350,BALLARAT EAST,VIC
3350,BALLARAT NORTH,VIC
3350,BALLARAT WEST,VIC
3350,BLACK HILL,VIC
3350,BROWN HILL,VIC
3350,CANADIAN,VIC
3350,EUREKA,VIC
3350,GOLDEN POINT,VIC
3350,INVERMAY PARK,VIC
3350,LAKE WENDOUREE,VIC
3350,LUCAS,VIC
3350,MOUNT CLEAR,VIC
3350,MOUNT HELEN,VIC
3350,MOUNT PLEASANT,VIC
3350,NERRINA,VIC
3350,NEWINGTON,VIC
3350,REDAN,VIC
3350,SOLDIERS HILL,VIC
3350,SOVEREIGN HILL,VIC
3351,BERRINGA,VIC
3351,BO PEEP,VIC
3351,CAPE CLEAR,VIC
3351,CARNGHAM,VIC
3351,CHEPSTOWE,VIC
3351,HADDON,VIC
3351,HAPPY VALLEY,VIC
3351,HILLCREST,VIC
3351,ILLABAROOK,VIC
3351,LAKE BOLAC,VIC
3351,MININERA,VIC
3351,MORTCHUP,VIC
3351,MOUNT EMU,VIC
3351,NERRIN NERRIN,VIC
3351,NEWTOWN,VIC
3351,NINTINGBOOL,VIC
3351,PIGGOREET,VIC
3351,PITFIELD,VIC
3351,ROKEWOOD JUNCTION,VIC
3351,ROSS CREEK,VIC
3351,SCARSDALE,VIC
3351,SMYTHES CREEK,VIC
3351,SMYTHESDALE,VIC
3351,SNAKE VALLEY,VIC
3351,SPRINGDALLAH,VIC
3351,STAFFORDSHIRE REEF,VIC
3351,STREATHAM,VIC
3351,WALLINDUC,VIC
3351,WESTMERE,VIC
3352,ADDINGTON,VIC
3352,BALLARAT ROADSIDE DELIVERY,VIC
3352,BARKSTEAD,VIC
3352,BLOWHARD,VIC
3352,BOLWARRAH,VIC
3352,BONSHAW,VIC
3352,BREWSTER,VIC
3352,BULLAROOK,VIC
3352,BUNGAREE,VIC
3352,BUNKERS HILL,VIC
3352,BURRUMBEET,VIC
3352,CAMBRIAN HILL,VIC
3352,CARDIGAN,VIC
3352,CARDIGAN VILLAGE,VIC
3352,CHAPEL FLAT,VIC
3352,CLARENDON,VIC
3352,CLARETOWN,VIC
3352,CLARKES HILL,VIC
3352,CORINDHAP,VIC
3352,DEAN,VIC
3352,DEREEL,VIC
3352,DUNNSTOWN,VIC
3352,DURHAM LEAD,VIC
3352,ENFIELD,VIC
3352,ERCILDOUNE,VIC
3352,GARIBALDI,VIC
3352,GLEN PARK,VIC
3352,GLENBRAE,VIC
3352,GONG GONG,VIC
3352,GRENVILLE,VIC
3352,INVERMAY,VIC
3352,LAL LAL,VIC
3352,LAMPLOUGH,VIC
3352,LANGI KAL KAL,VIC
3352,LEARMONTH,VIC
3352,LEIGH CREEK,VIC
3352,LEXTON,VIC
3352,MAGPIE,VIC
3352,MILLBROOK,VIC
3352,MINERS REST,VIC
3352,MITCHELL PARK,VIC
3352,MOLLONGGHIP,VIC
3352,MOUNT BOLTON,VIC
3352,MOUNT EGERTON,VIC
3352,MOUNT MERCER,VIC
3352,MOUNT MITCHELL,VIC
3352,MOUNT ROWAN,VIC
3352,NAPOLEONS,VIC
3352,NAVIGATORS,VIC
3352,POOTILLA,VIC
3352,SCOTCHMANS LEAD,VIC
3352,SCOTSBURN,VIC
3352,SPRINGBANK,VIC
3352,SULKY,VIC
3352,WALLACE,VIC
3352,WARRENHEIP,VIC
3352,WATTLE FLAT,VIC
3352,WAUBRA,VIC
3352,WEATHERBOARD,VIC
3352,WERNETH,VIC
3352,WINDERMERE,VIC
3352,YENDON,VIC
3353,BALLARAT,VIC
3354,BAKERY HILL,VIC
3354,BALLARAT MC,VIC
3355,LAKE GARDENS,VIC
3355,MITCHELL PARK,VIC
3355,WENDOUREE,VIC
3355,WENDOUREE VILLAGE,VIC
3356,BONSHAW,VIC
3356,DELACOMBE,VIC
3356,SEBASTOPOL,VIC
3357,BUNINYONG,VIC
3357,SCOTSMANS LEAD,VIC
3357,YARROWEE,VIC
3358,WINTER VALLEY,VIC
3360,HAPPY VALLEY,VIC
3360,LINTON,VIC
3360,MANNIBADAR,VIC
3360,PITTONG,VIC
3360,WILLOWVALE,VIC
3361,BRADVALE,VIC
3361,CARRANBALLAC,VIC
3361,SKIPTON,VIC
3363,CRESWICK,VIC
3363,CRESWICK NORTH,VIC
3363,DEAN,VIC
3363,GLENDARUEL,VIC
3363,LANGDONS HILL,VIC
3363,MOUNT BECKWORTH,VIC
3363,TOURELLO,VIC
3364,ALLENDALE,VIC
3364,ASCOT,VIC
3364,BALD HILLS,VIC
3364,BARKSTEAD,VIC
3364,BLAMPIED,VIC
3364,BROOMFIELD,VIC
3364,CABBAGE TREE,VIC
3364,CAMPBELLTOWN,VIC
3364,COGHILLS CREEK,VIC
3364,GLENDONALD,VIC
3364,GLENDONNELL,VIC
3364,JOYCES CREEK,VIC
3364,KINGSTON,VIC
3364,KOOROOCHEANG,VIC
3364,LAWRENCE,VIC
3364,MOUNT PROSPECT,VIC
3364,NEWLYN,VIC
3364,NEWLYN NORTH,VIC
3364,ROCKLYN,VIC
3364,SMEATON,VIC
3364,SMOKEY TOWN,VIC
3364,SMOKEYTOWN,VIC
3364,SPRINGMOUNT,VIC
3364,STRATHLEA,VIC
3364,ULLINA,VIC
3364,WERONA,VIC
3370,CLUNES,VIC
3370,GLENGOWER,VIC
3370,MOUNT CAMERON,VIC
3370,ULLINA,VIC
3371,AMHERST,VIC
3371,BURNBANK,VIC
3371,CARALULUP,VIC
3371,DUNACH,VIC
3371,EVANSFORD,VIC
3371,LILLICUR,VIC
3371,MOUNT GLASGOW,VIC
3371,RED LION,VIC
3371,STONY CREEK,VIC
3371,TALBOT,VIC
3373,BEAUFORT,VIC
3373,CHUTE,VIC
3373,CROSS ROADS,VIC
3373,LAKE GOLDSMITH,VIC
3373,LAKE WONGAN,VIC
3373,MAIN LEAD,VIC
3373,MENA PARK,VIC
3373,NERRING,VIC
3373,RAGLAN,VIC
3373,SHIRLEY,VIC
3373,STOCKYARD HILL,VIC
3373,STONELEIGH,VIC
3373,TRAWALLA,VIC
3373,WATERLOO,VIC
3374,GREAT WESTERN,VIC
3375,BALLYROGAN,VIC
3375,BAYINDEEN,VIC
3375,BUANGOR,VIC
3375,MIDDLE CREEK,VIC
3377,AMPHITHEATRE,VIC
3377,ARARAT,VIC
3377,ARARAT EAST,VIC
3377,ARMSTRONG,VIC
3377,BEN NEVIS,VIC
3377,BULGANA,VIC
3377,CATHCART,VIC
3377,CROWLANDS,VIC
3377,DENICULL CREEK,VIC
3377,DOBIE,VIC
3377,DUNNEWORTHY,VIC
3377,EVERSLEY,VIC
3377,GREAT WESTERN,VIC
3377,JALLUKUR,VIC
3377,LANGI LOGAN,VIC
3377,MAROONA,VIC
3377,MOUNT COLE,VIC
3377,MOUNT COLE CREEK,VIC
3377,MOUNT LONARCH,VIC
3377,MOYSTON,VIC
3377,NORVAL,VIC
3377,RHYMNEY,VIC
3377,ROCKY POINT,VIC
3377,ROSSBRIDGE,VIC
3377,SHAYS FLAT,VIC
3377,WARRAK,VIC
3378,TATYOON,VIC
3378,YALLA-Y-POORA,VIC
3379,BERRAMBOOL,VIC
3379,BORNES HILL,VIC
3379,CHATSWORTH,VIC
3379,MAFEKING,VIC
3379,STAVELY,VIC
3379,WATGANIA,VIC
3379,WICKLIFFE,VIC
3379,WILLAURA,VIC
3379,WILLAURA NORTH,VIC
3380,BELLELLEN,VIC
3380,BRIDGE INN,VIC
3380,MOKEPILLY,VIC
3380,STAWELL,VIC
3380,STAWELL WEST,VIC
3380,WINJALLOK,VIC
3381,BARKLY,VIC
3381,BELLELLEN,VIC
3381,BELLFIELD,VIC
3381,BLACK RANGE,VIC
3381,BOLANGUM,VIC
3381,CALLAWADDA,VIC
3381,CAMPBELLS BRIDGE,VIC
3381,CONCONGELLA,VIC
3381,DEEP LEAD,VIC
3381,FYANS CREEK,VIC
3381,GERMANIA,VIC
3381,GREENS CREEK,VIC
3381,HALLS GAP,VIC
3381,ILLAWARRA,VIC
3381,JOEL JOEL,VIC
3381,JOEL SOUTH,VIC
3381,KANYA,VIC
3381,LAKE FYANS,VIC
3381,LAKE LONSDALE,VIC
3381,LUBECK,VIC
3381,MOKEPILLY,VIC
3381,MORRL MORRL,VIC
3381,MOUNT DRYDEN,VIC
3381,PARADISE,VIC
3381,POMONAL,VIC
3381,ROSTRON,VIC
3381,WAL WAL,VIC
3381,WALLALOO,VIC
3381,WALLALOO EAST,VIC
3384,BARKLY,VIC
3384,CONCONGELLA,VIC
3384,FRENCHMANS,VIC
3384,JOEL JOEL,VIC
3384,JOEL SOUTH,VIC
3384,LANDSBOROUGH,VIC
3384,LANDSBOROUGH WEST,VIC
3384,NAVARRE,VIC
3384,SHAYS FLAT,VIC
3384,TULKARA,VIC
3384,WATTLE CREEK,VIC
3385,DADSWELLS BRIDGE,VIC
3385,DEEP LEAD,VIC
3385,GLENORCHY,VIC
3385,LEDCOURT,VIC
3385,LUBECK,VIC
3385,RIACHELLA,VIC
3385,ROSES GAP,VIC
3385,WAL WAL,VIC
3387,BOLANGUM,VIC
3387,CALLAWADDA,VIC
3387,CAMPBELLS BRIDGE,VIC
3387,GERMANIA,VIC
3387,GREENS CREEK,VIC
3387,KANYA,VIC
3387,MARNOO,VIC
3387,MARNOO WEST,VIC
3387,MORRL MORRL,VIC
3387,WALLALOO,VIC
3387,WALLALOO EAST,VIC
3388,BANYENA,VIC
3388,RUPANYUP,VIC
3390,KEWELL,VIC
3390,MURTOA,VIC
3391,BRIM,VIC
3392,BOOLITE,VIC
3392,MINYIP,VIC
3392,SHEEP HILLS,VIC
3393,AILSA,VIC
3393,ANGIP,VIC
3393,AUBREY,VIC
3393,BANGERANG,VIC
3393,CANNUM,VIC
3393,CRYMELON,VIC
3393,KELLALAC,VIC
3393,LAH,VIC
3393,WARRACKNABEAL,VIC
3393,WILKUR,VIC
3393,WILLENABRINA,VIC
3395,BEULAH,VIC
3395,KENMARE,VIC
3395,REEDY DAM,VIC
3395,ROSEBERY,VIC
3396,HOPETOUN,VIC
3396,HOPEVALE,VIC
3396,YARTO,VIC
3399,JUNG,VIC
3399,LONGERENONG,VIC
3400,BRIMPAEN,VIC
3400,HORSHAM,VIC
3400,HORSHAM WEST,VIC
3400,ST HELENS PLAINS,VIC
3400,WARTOOK,VIC
3400,WONWONDAH EAST,VIC
3400,WONWONDAH SOUTH,VIC
3401,BLACKHEATH,VIC
3401,BRIMPAEN,VIC
3401,BUNGALALLY,VIC
3401,CHERRYPOOL,VIC
3401,CLEAR LAKE,VIC
3401,CONNANGORACH,VIC
3401,DAHLEN,VIC
3401,DOOEN,VIC
3401,DOUGLAS,VIC
3401,DRUNG,VIC
3401,GREEN LAKE,VIC
3401,GYMBOWEN,VIC
3401,HAVEN,VIC
3401,HORSHAM,VIC
3401,JALLUMBA,VIC
3401,JILPANGER,VIC
3401,JUNG,VIC
3401,KALKEE,VIC
3401,KANAGULK,VIC
3401,KARNAK,VIC
3401,LAHARUM,VIC
3401,LONGERENONG,VIC
3401,LOWER NORTON,VIC
3401,MCKENZIE CREEK,VIC
3401,MIGA LAKE,VIC
3401,MITRE,VIC
3401,MOCKINYA,VIC
3401,MURRA WARRA,VIC
3401,NORADJUHA,VIC
3401,NURCOUNG,VIC
3401,NURRABIEL,VIC
3401,PIMPINIO,VIC
3401,QUANTONG,VIC
3401,REMLAW,VIC
3401,RIVERSIDE,VIC
3401,ROCKLANDS,VIC
3401,ST HELENS PLAINS,VIC
3401,TELANGATUK EAST,VIC
3401,TOOAN,VIC
3401,TOOLONDO,VIC
3401,VECTIS,VIC
3401,WAIL,VIC
3401,WALLUP,VIC
3401,WARTOOK,VIC
3401,WOMBELANO,VIC
3401,WONWONDAH,VIC
3401,ZUMSTEINS,VIC
3402,HORSHAM,VIC
3407,BALMORAL,VIC
3407,ENGLEFIELD,VIC
3407,GATUM,VIC
3407,PIGEON PONDS,VIC
3407,VASEY,VIC
3409,ARAPILES,VIC
3409,CLEAR LAKE,VIC
3409,DOUGLAS,VIC
3409,DUCHEMBEGARRA,VIC
3409,GRASS FLAT,VIC
3409,JILPANGER,VIC
3409,MIGA LAKE,VIC
3409,MITRE,VIC
3409,NATIMUK,VIC
3409,NORADJUHA,VIC
3409,TOOAN,VIC
3409,WOMBELANO,VIC
3412,GOROKE,VIC
3413,MINIMAY,VIC
3413,NEUARPURR,VIC
3413,OZENKADNOOK,VIC
3413,PERONNE,VIC
3414,ANTWERP,VIC
3414,DIMBOOLA,VIC
3414,TARRANYURK,VIC
3414,WAIL,VIC
3415,MIRAM,VIC
3415,YARRUNGA,VIC
3418,BROUGHTON,VIC
3418,GERANG GERUNG,VIC
3418,GLENLEE,VIC
3418,KIATA,VIC
3418,LAWLOIT,VIC
3418,LITTLE DESERT,VIC
3418,LORQUON,VIC
3418,NETHERBY,VIC
3418,NHILL,VIC
3418,YANAC,VIC
3419,KANIVA,VIC
3420,LILLIMUR,VIC
3420,SERVICETON,VIC
3420,TELOPEA DOWNS,VIC
3423,JEPARIT,VIC
3423,LAKE HINDMARSH,VIC
3424,ALBACUTYA,VIC
3424,RAINBOW,VIC
3424,YAAPEET,VIC
3427,DIGGERS REST,VIC
3427,PLUMPTON,VIC
3428,BULLA,VIC
3429,SUNBURY,VIC
3429,WILDWOOD,VIC
3430,CLARKEFIELD,VIC
3431,RIDDELLS CREEK,VIC
3432,BOLINDA,VIC
3433,MONEGEETTA,VIC
3434,CHEROKEE,VIC
3434,KERRIE,VIC
3434,ROMSEY,VIC
3434,SPRINGFIELD,VIC
3435,BENLOCH,VIC
3435,GOLDIE,VIC
3435,LANCEFIELD,VIC
3435,NULLA VALE,VIC
3437,BULLENGAROOK,VIC
3437,GISBORNE,VIC
3437,GISBORNE SOUTH,VIC
3438,NEW GISBORNE,VIC
3440,MACEDON,VIC
3441,MOUNT MACEDON,VIC
3442,ASHBOURNE,VIC
3442,CADELLO,VIC
3442,CARLSRUHE,VIC
3442,COBAW,VIC
3442,HANGING ROCK,VIC
3442,HESKET,VIC
3442,NEWHAM,VIC
3442,ROCHFORD,VIC
3442,WOODEND,VIC
3442,WOODEND NORTH,VIC
3444,BARFOLD,VIC
3444,BAYNTON,VIC
3444,BAYNTON EAST,VIC
3444,EDGECOMBE,VIC
3444,GLENHOPE,VIC
3444,GREENHILL,VIC
3444,KYNETON,VIC
3444,KYNETON SOUTH,VIC
3444,LANGLEY,VIC
3444,LAURISTON,VIC
3444,LYAL,VIC
3444,METCALFE EAST,VIC
3444,MIA MIA,VIC
3444,MYRTLE CREEK,VIC
3444,PASTORIA,VIC
3444,PASTORIA EAST,VIC
3444,PIPERS CREEK,VIC
3444,REDESDALE,VIC
3444,SIDONIA,VIC
3444,SPRING HILL,VIC
3444,TYLDEN,VIC
3444,TYLDEN SOUTH,VIC
3446,DRUMMOND NORTH,VIC
3446,MALMSBURY,VIC
3447,TARADALE,VIC
3448,ELPHINSTONE,VIC
3448,METCALFE,VIC
3448,SUTTON GRANGE,VIC
3450,CASTLEMAINE,VIC
3450,MOONLIGHT FLAT,VIC
3451,BARKERS CREEK,VIC
3451,CAMPBELLS CREEK,VIC
3451,CHEWTON,VIC
3451,CHEWTON BUSHLANDS,VIC
3451,FARADAY,VIC
3451,FRYERSTOWN,VIC
3451,GLENLUCE,VIC
3451,GOLDEN POINT,VIC
3451,GOWER,VIC
3451,GUILDFORD,VIC
3451,IRISHTOWN,VIC
3451,MCKENZIE HILL,VIC
3451,MUCKLEFORD,VIC
3451,TARILTA,VIC
3451,VAUGHAN,VIC
3451,WOODBROOK,VIC
3451,YAPEEN,VIC
3453,HARCOURT,VIC
3453,HARCOURT NORTH,VIC
3453,RAVENSWOOD,VIC
3453,RAVENSWOOD SOUTH,VIC
3458,BARRYS REEF,VIC
3458,BLACKWOOD,VIC
3458,FERN HILL,VIC
3458,LERDERDERG,VIC
3458,LITTLE HAMPTON,VIC
3458,NEWBURY,VIC
3458,NORTH BLACKWOOD,VIC
3458,TRENTHAM,VIC
3458,TRENTHAM EAST,VIC
3460,BASALT,VIC
3460,DAYLESFORD,VIC
3461,BULLARTO,VIC
3461,BULLARTO SOUTH,VIC
3461,CLYDESDALE,VIC
3461,COOMOORA,VIC
3461,DENVER,VIC
3461,DRUMMOND,VIC
3461,DRY DIGGINGS,VIC
3461,EGANSTOWN,VIC
3461,ELEVATED PLAINS,VIC
3461,FRANKLINFORD,VIC
3461,GLENLYON,VIC
3461,HEPBURN,VIC
3461,HEPBURN SPRINGS,VIC
3461,KORWEINGUBOORA,VIC
3461,LEONARDS HILL,VIC
3461,LYONVILLE,VIC
3461,MOUNT FRANKLIN,VIC
3461,MUSK,VIC
3461,MUSK VALE,VIC
3461,PORCUPINE RIDGE,VIC
3461,SAILORS FALLS,VIC
3461,SAILORS HILL,VIC
3461,SHEPHERDS FLAT,VIC
3461,SPARGO CREEK,VIC
3461,STRANGWAYS,VIC
3461,WHEATSHEAF,VIC
3461,YANDOIT,VIC
3461,YANDOIT HILLS,VIC
3462,GREEN GULLY,VIC
3462,JOYCES CREEK,VIC
3462,MUCKLEFORD SOUTH,VIC
3462,NEWSTEAD,VIC
3462,SANDON,VIC
3462,WELSHMANS REEF,VIC
3463,BARINGHUP,VIC
3463,BARINGHUP WEST,VIC
3463,BRADFORD,VIC
3463,EASTVILLE,VIC
3463,GOWER,VIC
3463,LAANECOORIE,VIC
3463,MALDON,VIC
3463,NEEREMAN,VIC
3463,NUGGETTY,VIC
3463,PERKINS REEF,VIC
3463,PORCUPINE FLAT,VIC
3463,SHELBOURNE,VIC
3463,TARRENGOWER,VIC
3463,WALMER,VIC
3463,WOODSTOCK WEST,VIC
3464,CARISBROOK,VIC
3465,ADELAIDE LEAD,VIC
3465,ALMA,VIC
3465,BOWENVALE,VIC
3465,BUNG BONG,VIC
3465,COTSWOLD,VIC
3465,CRAIGIE,VIC
3465,DAISY HILL,VIC
3465,FLAGSTAFF,VIC
3465,GOLDEN POINT,VIC
3465,HAVELOCK,VIC
3465,HOMEBUSH,VIC
3465,MAJORCA,VIC
3465,MARYBOROUGH,VIC
3465,MOOLORT,VIC
3465,MOONLIGHT FLAT,VIC
3465,NATTE YALLOCK,VIC
3465,RATHSCAR,VIC
3465,RATHSCAR WEST,VIC
3465,RODBOROUGH,VIC
3465,SIMSON,VIC
3465,TIMOR,VIC
3465,TIMOR WEST,VIC
3465,WAREEK,VIC
3467,AVOCA,VIC
3467,MOYREISK,VIC
3468,AMPHITHEATRE,VIC
3468,MOUNT LONARCH,VIC
3469,ELMHURST,VIC
3469,GLENLOFTY,VIC
3469,GLENLOGIE,VIC
3469,GLENPATRICK,VIC
3469,NOWHERE CREEK,VIC
3472,BET BET,VIC
3472,BETLEY,VIC
3472,BROMLEY,VIC
3472,DUNLUCE,VIC
3472,DUNOLLY,VIC
3472,EDDINGTON,VIC
3472,GOLDSBOROUGH,VIC
3472,INKERMAN,VIC
3472,MCINTYRE,VIC
3472,MOLIAGUL,VIC
3472,MOUNT HOOGHLY,VIC
3475,ARCHDALE,VIC
3475,ARCHDALE JUNCTION,VIC
3475,BEALIBA,VIC
3475,BURKES FLAT,VIC
3475,COCHRANES CREEK,VIC
3475,EMU,VIC
3475,LOGAN,VIC
3477,AVON PLAINS,VIC
3477,BEAZLEYS BRIDGE,VIC
3477,CARAPOOEE,VIC
3477,CARAPOOEE WEST,VIC
3477,COONOOER BRIDGE,VIC
3477,COONOOER WEST,VIC
3477,DALYENONG,VIC
3477,GOOROC,VIC
3477,GOWAR EAST,VIC
3477,GRAYS BRIDGE,VIC
3477,GRE GRE,VIC
3477,GRE GRE NORTH,VIC
3477,GRE GRE SOUTH,VIC
3477,KOOREH,VIC
3477,MARNOO EAST,VIC
3477,MOOLERR,VIC
3477,MOYREISK,VIC
3477,PARADISE,VIC
3477,REDBANK,VIC
3477,ROSTRON,VIC
3477,SLATY CREEK,VIC
3477,ST ARNAUD EAST,VIC
3477,ST ARNAUD NORTH,VIC
3477,STUART MILL,VIC
3477,SUTHERLAND,VIC
3477,SWANWATER,VIC
3477,TOTTINGTON,VIC
3477,TRAYNORS LAGOON,VIC
3477,WINJALLOK,VIC
3477,YORK PLAINS,VIC
3478,AVON PLAINS,VIC
3478,BEAZLEYS BRIDGE,VIC
3478,BERRIMAL WEST,VIC
3478,CARAPOOEE,VIC
3478,CARAPOOEE WEST,VIC
3478,COONOOER BRIDGE,VIC
3478,COONOOER WEST,VIC
3478,DARKBONEE,VIC
3478,DOOBOOBETIC,VIC
3478,ELBERTON,VIC
3478,GOOROC,VIC
3478,GOWAR EAST,VIC
3478,GRE GRE,VIC
3478,GRE GRE NORTH,VIC
3478,GRE GRE SOUTH,VIC
3478,KOOREH,VIC
3478,MEDLYN,VIC
3478,MITCHELLS HILL,VIC
3478,MOOLERR,VIC
3478,MOONAMBEL,VIC
3478,PERCYDALE,VIC
3478,REDBANK,VIC
3478,SLATY CREEK,VIC
3478,ST ARNAUD,VIC
3478,ST ARNAUD EAST,VIC
3478,ST ARNAUD NORTH,VIC
3478,STUART MILL,VIC
3478,SUTHERLAND,VIC
3478,SWANWATER,VIC
3478,TANWOOD,VIC
3478,TOTTINGTON,VIC
3478,TRAYNORS LAGOON,VIC
3478,TULKARA,VIC
3478,WARRENMANG,VIC
3478,YAWONG HILLS,VIC
3480,AREEGRA,VIC
3480,BANYENONG,VIC
3480,BOOLITE,VIC
3480,CARRON,VIC
3480,COPE COPE,VIC
3480,CORACK,VIC
3480,CORACK EAST,VIC
3480,DONALD,VIC
3480,GIL GIL,VIC
3480,JEFFCOTT,VIC
3480,JEFFCOTT NORTH,VIC
3480,LAEN,VIC
3480,LAEN EAST,VIC
3480,LAEN NORTH,VIC
3480,LAKE BULOKE,VIC
3480,LAWLER,VIC
3480,LITCHFIELD,VIC
3480,RICH AVON,VIC
3480,RICH AVON EAST,VIC
3480,RICH AVON WEST,VIC
3480,SWANWATER WEST,VIC
3482,MASSEY,VIC
3482,MORTON PLAINS,VIC
3482,WARMUR,VIC
3482,WATCHEM,VIC
3482,WATCHEM WEST,VIC
3483,BALLAPUR,VIC
3483,BIRCHIP,VIC
3483,BIRCHIP WEST,VIC
3483,CURYO,VIC
3483,JIL JIL,VIC
3483,KARYRIE,VIC
3483,KINNABULLA,VIC
3483,MARLBED,VIC
3483,NARRAPORT,VIC
3483,REEDY DAM,VIC
3483,WHIRILY,VIC
3485,BANYAN,VIC
3485,WATCHUPGA,VIC
3485,WILLANGIE,VIC
3485,WOOMELANG,VIC
3487,LASCELLES,VIC
3488,SPEED,VIC
3488,TURRIFF,VIC
3488,TURRIFF EAST,VIC
3489,TEMPY,VIC
3490,BIG DESERT,VIC
3490,BOINKA,VIC
3490,KULWIN,VIC
3490,MITTYACK,VIC
3490,MURRAY-SUNSET,VIC
3490,OUYEN,VIC
3490,TORRITA,VIC
3490,TUTYE,VIC
3491,PATCHEWOLLOCK,VIC
3494,CARWARP,VIC
3494,COLIGNAN,VIC
3494,IRAAK,VIC
3494,NANGILOC,VIC
3496,CARDROSS,VIC
3496,CULLULLERAINE,VIC
3496,LINDSAY POINT,VIC
3496,MERINGUR,VIC
3496,MERRINEE,VIC
3496,MURRAY LOCK NO 9,VIC
3496,NEDS CORNER,VIC
3496,RED CLIFFS,VIC
3496,SUNNYCLIFFS,VIC
3496,WERRIMULL,VIC
3498,IRYMPLE,VIC
3500,MILDURA,VIC
3500,MILDURA EAST,VIC
3500,MILDURA WEST,VIC
3501,HATTAH,VIC
3501,KOORLONG,VIC
3501,MILDURA CENTRE PLAZA,VIC
3501,MILDURA SOUTH,VIC
3501,NICHOLS POINT,VIC
3502,MILDURA,VIC
3505,BIRDWOODTON,VIC
3505,CABARITA,VIC
3505,MERBEIN,VIC
3505,MERBEIN SOUTH,VIC
3505,MERBEIN WEST,VIC
3505,WARGAN,VIC
3505,YELTA,VIC
3506,COWANGIE,VIC
3507,WALPEUP,VIC
3509,LINGA,VIC
3509,UNDERBOOL,VIC
3512,CARINA,VIC
3512,MURRAYVILLE,VIC
3512,PANITYA,VIC
3515,MARONG,VIC
3515,SHELBOURNE,VIC
3515,WILSONS HILL,VIC
3516,BRIDGEWATER,VIC
3516,BRIDGEWATER NORTH,VIC
3516,BRIDGEWATER ON LODDON,VIC
3516,DERBY,VIC
3516,LEICHARDT,VIC
3516,YARRABERB,VIC
3517,BEARS LAGOON,VIC
3517,BRENANAH,VIC
3517,BULLABUL,VIC
3517,GLENALBYN,VIC
3517,INGLEWOOD,VIC
3517,JARKLIN,VIC
3517,KINGOWER,VIC
3517,KURTING,VIC
3517,POWLETT PLAINS,VIC
3517,RHEOLA,VIC
3517,SALISBURY WEST,VIC
3517,SERPENTINE,VIC
3518,BERRIMAL,VIC
3518,BORUNG,VIC
3518,FENTONS CREEK,VIC
3518,FERNIHURST,VIC
3518,FIERY FLAT,VIC
3518,KURRACA,VIC
3518,KURRACA WEST,VIC
3518,MYSIA,VIC
3518,NINE MILE,VIC
3518,RICHMOND PLAINS,VIC
3518,SKINNERS FLAT,VIC
3518,WEDDERBURN,VIC
3518,WEDDERBURN JUNCTION,VIC
3518,WEHLA,VIC
3518,WOOLSHED FLAT,VIC
3518,WOOSANG,VIC
3520,KINYPANIAL,VIC
3520,KORONG VALE,VIC
3520,SOUTH KINYPANIAL,VIC
3521,PYALONG,VIC
3522,EMU FLAT,VIC
3522,GLENHOPE EAST,VIC
3522,TOOBORAC,VIC
3523,ARGYLE,VIC
3523,COSTERFIELD,VIC
3523,DERRINAL,VIC
3523,HEATHCOTE,VIC
3523,HEATHCOTE SOUTH,VIC
3523,KNOWSLEY,VIC
3523,LADYS PASS,VIC
3523,MOORMBOOL WEST,VIC
3523,MOUNT CAMEL,VIC
3523,REDCASTLE,VIC
3525,BARRAKEE,VIC
3525,BUCKRABANYULE,VIC
3525,CHARLTON,VIC
3525,CHIRRIP,VIC
3525,GRANITE FLAT,VIC
3525,JEFFCOTT,VIC
3525,JEFFCOTT NORTH,VIC
3525,LAKE MARMAL,VIC
3525,NAREEWILLOCK,VIC
3525,TEDDYWADDY,VIC
3525,TEDDYWADDY WEST,VIC
3525,TERRAPPEE,VIC
3525,WOOROONOOK,VIC
3525,WYCHITELLA,VIC
3525,WYCHITELLA NORTH,VIC
3525,YEUNGROON,VIC
3525,YEUNGROON EAST,VIC
3527,BUNGULUKE,VIC
3527,DUMOSA,VIC
3527,GLENLOTH,VIC
3527,GLENLOTH EAST,VIC
3527,JERUK,VIC
3527,NINYEUNOOK,VIC
3527,TEDDYWADDY,VIC
3527,TEDDYWADDY WEST,VIC
3527,THALIA,VIC
3527,TOWANINNY,VIC
3527,TOWANINNY SOUTH,VIC
3527,WYCHEPROOF,VIC
3527,WYCHEPROOF SOUTH,VIC
3529,KALPIENUNG,VIC
3529,NULLAWIL,VIC
3530,CULGOA,VIC
3530,SUTTON,VIC
3530,WANGIE,VIC
3530,WARNE,VIC
3531,BERRIWILLOCK,VIC
3531,BOIGBEAT,VIC
3531,SPRINGFIELD,VIC
3533,BIMBOURIE,VIC
3533,LAKE TYRRELL,VIC
3533,MITTYACK,VIC
3533,MYALL,VIC
3533,NANDALY,VIC
3533,NINDA,VIC
3533,NYARRIN,VIC
3533,PIER MILAN,VIC
3533,SEA LAKE,VIC
3533,STRATEN,VIC
3533,TYENNA,VIC
3533,TYRRELL,VIC
3533,TYRRELL DOWNS,VIC
3537,BARRAPORT,VIC
3537,BARRAPORT WEST,VIC
3537,BOORT,VIC
3537,CANARY ISLAND,VIC
3537,CATUMNAL,VIC
3537,GREDGWIN,VIC
3537,LEAGHUR,VIC
3537,MINMINDIE,VIC
3537,YANDO,VIC
3540,CANNIE,VIC
3540,NINYEUNOOK,VIC
3540,OAKVALE,VIC
3540,QUAMBATOOK,VIC
3542,COKUM,VIC
3542,LALBERT,VIC
3542,TITTYBONG,VIC
3542,TITYBONG,VIC
3544,CHINANGIN,VIC
3544,GOWANFORD,VIC
3544,MURNUNGIN,VIC
3544,SPRINGFIELD,VIC
3544,ULTIMA,VIC
3544,ULTIMA EAST,VIC
3544,WAITCHIE,VIC
3546,BOLTON,VIC
3546,CHINKAPOOK,VIC
3546,COCAMBA,VIC
3546,GERAHMIN,VIC
3546,MANANGATANG,VIC
3546,TUROAR,VIC
3546,WINNAMBOOL,VIC
3549,ANNUELLO,VIC
3549,BANNERTON,VIC
3549,HAPPY VALLEY,VIC
3549,LIPAROO,VIC
3549,ROBINVALE,VIC
3549,ROBINVALE IRRIGATION DISTRICT SECTION B,VIC
3549,ROBINVALE IRRIGATION DISTRICT SECTION C,VIC
3549,ROBINVALE IRRIGATION DISTRICT SECTION D,VIC
3549,ROBINVALE IRRIGATION DISTRICT SECTION E,VIC
3549,TOL TOL,VIC
3549,WANDOWN,VIC
3549,WEMEN,VIC
3550,BENDIGO,VIC
3550,BENDIGO SOUTH,VIC
3550,DIAMOND HILL,VIC
3550,EAST BENDIGO,VIC
3550,FLORA HILL,VIC
3550,IRONBARK,VIC
3550,KENNINGTON,VIC
3550,LONG GULLY,VIC
3550,NORTH BENDIGO,VIC
3550,QUARRY HILL,VIC
3550,SANDHURST EAST,VIC
3550,SPRING GULLY,VIC
3550,STRATHDALE,VIC
3550,TYSONS REEF,VIC
3550,WEST BENDIGO,VIC
3550,WHITE HILLS,VIC
3551,ARNOLD,VIC
3551,ARNOLD WEST,VIC
3551,ASCOT,VIC
3551,AXE CREEK,VIC
3551,AXEDALE,VIC
3551,BAGSHOT,VIC
3551,BAGSHOT NORTH,VIC
3551,BENDIGO FORWARD,VIC
3551,CORNELLA,VIC
3551,CREEK VIEW,VIC
3551,EMU CREEK,VIC
3551,EPPALOCK,VIC
3551,EPSOM,VIC
3551,HUNTLY,VIC
3551,HUNTLY NORTH,VIC
3551,JUNORTOUN,VIC
3551,KIMBOLTON,VIC
3551,LAKE EPPALOCK,VIC
3551,LLANELLY,VIC
3551,LOCKWOOD,VIC
3551,LOCKWOOD SOUTH,VIC
3551,LONGLEA,VIC
3551,MAIDEN GULLY,VIC
3551,MANDURANG,VIC
3551,MANDURANG SOUTH,VIC
3551,MINTO,VIC
3551,MOSQUITO CREEK,VIC
3551,MURPHYS CREEK,VIC
3551,MYOLA,VIC
3551,MYOLA EAST,VIC
3551,MYRTLE CREEK,VIC
3551,NEWBRIDGE,VIC
3551,PAINSWICK,VIC
3551,PILCHERS BRIDGE,VIC
3551,SEDGWICK,VIC
3551,STRATHFIELDSAYE,VIC
3551,TARNAGULLA,VIC
3551,TOOLLEEN,VIC
3551,WAANYARRA,VIC
3551,WELLSFORD,VIC
3551,WOODSTOCK ON LODDON,VIC
3552,BENDIGO,VIC
3554,BENDIGO DC,VIC
3555,BIG HILL,VIC
3555,GOLDEN GULLY,VIC
3555,GOLDEN SQUARE,VIC
3555,KANGAROO FLAT,VIC
3555,LANSELL PLAZA,VIC
3555,SPECIMEN HILL,VIC
3556,CALIFORNIA GULLY,VIC
3556,CAMPBELLS FOREST,VIC
3556,COMET HILL,VIC
3556,EAGLEHAWK,VIC
3556,EAGLEHAWK NORTH,VIC
3556,JACKASS FLAT,VIC
3556,MYERS FLAT,VIC
3556,SAILORS GULLY,VIC
3556,SEBASTIAN,VIC
3556,WHIPSTICK,VIC
3556,WOODVALE,VIC
3557,BARNADOWN,VIC
3557,FOSTERVILLE,VIC
3557,GOORNONG,VIC
3557,MUSKERRY,VIC
3557,MUSKERRY EAST,VIC
3558,BURNEWANG,VIC
3558,COROP WEST,VIC
3558,CREEK VIEW,VIC
3558,ELMORE,VIC
3558,HUNTER,VIC
3558,RUNNYMEDE,VIC
3559,AVONMORE,VIC
3559,BURRAMBOOT,VIC
3559,COLBINABBIN,VIC
3559,COROP,VIC
3559,GOBARUP,VIC
3559,LYNDALE,VIC
3559,MAYREEF,VIC
3559,RUNNYMEDE,VIC
3561,BALLENDELLA,VIC
3561,BAMAWM,VIC
3561,BAMAWM EXTENSION,VIC
3561,BONN,VIC
3561,DIGGORA,VIC
3561,DIGGORA WEST,VIC
3561,FAIRY DELL,VIC
3561,NANNEELLA,VIC
3561,ROCHESTER,VIC
3561,ROCHESTER WEST,VIC
3561,THE SETTLEMENT,VIC
3561,TIMMERING,VIC
3562,TORRUMBARRY,VIC
3563,LOCKINGTON,VIC
3564,BAMAWM EXTENSION,VIC
3564,CAMPASPE WEST,VIC
3564,ECHUCA,VIC
3564,ECHUCA EAST,VIC
3564,ECHUCA SOUTH,VIC
3564,ECHUCA VILLAGE,VIC
3564,ECHUCA WEST,VIC
3564,KANYAPELLA,VIC
3564,MCEVOYS,VIC
3564,PATHO,VIC
3564,PATHO WEST,VIC
3564,ROSLYNMEAD,VIC
3564,SIMMIE,VIC
3564,WHARPARILLA,VIC
3565,KOTTA,VIC
3566,GUNBOWER,VIC
3567,HORFIELD,VIC
3567,LEITCHVILLE,VIC
3568,BURKES BRIDGE,VIC
3568,COHUNA,VIC
3568,CULLEN,VIC
3568,DALTONS BRIDGE,VIC
3568,GANNAWARRA,VIC
3568,KEELY,VIC
3568,MACORNA NORTH,VIC
3568,MCMILLANS,VIC
3568,MEAD,VIC
3568,MINCHA WEST,VIC
3568,WEE WEE RUP,VIC
3570,AUCHMORE,VIC
3570,DRUMMARTIN,VIC
3570,KAMAROOKA,VIC
3570,NEILBOROUGH,VIC
3570,RAYWOOD,VIC
3570,SUMMERFIELD,VIC
3571,DINGEE,VIC
3571,KAMAROOKA NORTH,VIC
3571,POMPAPIEL,VIC
3571,TANDARRA,VIC
3571,YALLOOK,VIC
3572,MILLOO,VIC
3572,PIAVELLA,VIC
3572,PRAIRIE,VIC
3572,TENNYSON,VIC
3573,CALIVIL,VIC
3573,MITIAMO,VIC
3573,PINE GROVE,VIC
3573,PINE GROVE EAST,VIC
3573,TERRICK TERRICK EAST,VIC
3575,BALD ROCK,VIC
3575,GLADFIELD,VIC
3575,JUNGABURRA,VIC
3575,LODDON VALE,VIC
3575,MINCHA,VIC
3575,MOLOGA,VIC
3575,PYRAMID HILL,VIC
3575,SYLVATERRE,VIC
3575,TERRICK TERRICK,VIC
3575,YARRAWALLA,VIC
3576,DURHAM OX,VIC
3579,APPIN,VIC
3579,APPIN SOUTH,VIC
3579,BAEL BAEL,VIC
3579,BEAUCHAMP,VIC
3579,BENJEROOP,VIC
3579,BUDGERUM EAST,VIC
3579,CAPELS CROSSING,VIC
3579,DINGWALL,VIC
3579,EAST YEOBURN,VIC
3579,FAIRLEY,VIC
3579,GONN CROSSING,VIC
3579,KERANG,VIC
3579,KERANG EAST,VIC
3579,KOROOP,VIC
3579,LAKE MERAN,VIC
3579,MACORNA,VIC
3579,MEERING WEST,VIC
3579,MILNES BRIDGE,VIC
3579,MURRABIT,VIC
3579,MURRABIT WEST,VIC
3579,MYALL,VIC
3579,MYSTIC PARK,VIC
3579,NORMANVILLE,VIC
3579,PINE VIEW,VIC
3579,REEDY LAKE,VIC
3579,SANDHILL LAKE,VIC
3579,TEAL POINT,VIC
3579,TRAGOWEL,VIC
3579,WANDELLA,VIC
3579,WESTBY,VIC
3580,KOONDROOK,VIC
3581,BEAUCHAMP,VIC
3581,LAKE CHARM,VIC
3583,TRESCO,VIC
3584,LAKE BOGA,VIC
3584,TRESCO WEST,VIC
3585,CASTLE DONNINGTON,VIC
3585,CHILLINGOLLAH,VIC
3585,FISH POINT,VIC
3585,GOSCHEN,VIC
3585,KUNAT,VIC
3585,MEATIAN,VIC
3585,NOWIE,VIC
3585,NYRRABY,VIC
3585,PIRA,VIC
3585,POLISBET,VIC
3585,SPEEWA,VIC
3585,SWAN HILL,VIC
3585,SWAN HILL PIONEER,VIC
3585,SWAN HILL WEST,VIC
3585,WINLATON,VIC
3586,BULGA,VIC
3586,MURRAWEE,VIC
3586,MURRAYDALE,VIC
3586,PENTAL ISLAND,VIC
3586,TYNTYNDER,VIC
3586,TYNTYNDER SOUTH,VIC
3586,ULTIMA EAST,VIC
3588,WOORINEN SOUTH,VIC
3589,WOORINEN,VIC
3589,WOORINEN NORTH,VIC
3590,BEVERFORD,VIC
3591,VINIFERA,VIC
3594,NYAH,VIC
3595,NYAH WEST,VIC
3596,MIRALIE,VIC
3596,TOWAN,VIC
3596,WOOD WOOD,VIC
3597,KENLEY,VIC
3597,KOOLOONONG,VIC
3597,LAKE POWELL,VIC
3597,NARRUNG,VIC
3597,NATYA,VIC
3597,PIANGIL,VIC
3599,BOUNDARY BEND,VIC
3607,TABILK,VIC
3608,BAILIESTON,VIC
3608,GOULBURN WEIR,VIC
3608,GRAYTOWN,VIC
3608,KIRWANS BRIDGE,VIC
3608,MITCHELLSTOWN,VIC
3608,NAGAMBIE,VIC
3608,WAHRING,VIC
3608,WIRRATE,VIC
3610,DHURRINGILE,VIC
3610,MOORILIM,VIC
3610,MURCHISON,VIC
3610,MURCHISON EAST,VIC
3610,MURCHISON NORTH,VIC
3612,MOORA,VIC
3612,RUSHWORTH,VIC
3612,WANALTA,VIC
3612,WARANGA,VIC
3612,WARANGA SHORES,VIC
3612,WHROO,VIC
3614,TOOLAMBA,VIC
3614,TOOLAMBA WEST,VIC
3616,COOMA,VIC
3616,GILLIESTON,VIC
3616,GIRGARRE EAST,VIC
3616,HARSTON,VIC
3616,MOOROOPNA NORTH WEST,VIC
3616,TATURA,VIC
3616,TATURA EAST,VIC
3616,TOOLAMBA WEST,VIC
3616,WARANGA,VIC
3617,BYRNESIDE,VIC
3618,MERRIGUM,VIC
3619,KYABRAM,VIC
3620,KYABRAM,VIC
3620,KYABRAM SOUTH,VIC
3620,LANCASTER,VIC
3620,MOUNT SCOBIE,VIC
3620,ST GERMAINS,VIC
3620,TARIPTA,VIC
3620,WYUNA,VIC
3620,WYUNA EAST,VIC
3621,KOYUGA SOUTH,VIC
3621,KY VALLEY,VIC
3621,KY WEST,VIC
3621,KYVALLEY,VIC
3621,TONGALA,VIC
3621,YAMBUNA,VIC
3622,CORNELIA CREEK,VIC
3622,KOYUGA,VIC
3622,STRATHALLAN,VIC
3623,CARAG CARAG,VIC
3623,STANHOPE,VIC
3623,STANHOPE SOUTH,VIC
3624,GIRGARRE,VIC
3629,ARDMONA,VIC
3629,COOMBOONA,VIC
3629,MOOROOPNA,VIC
3629,MOOROOPNA NORTH,VIC
3629,UNDERA,VIC
3630,BENARCH,VIC
3630,BRANDITT,VIC
3630,CANIAMBO,VIC
3630,COLLIVER,VIC
3630,DUNKIRK,VIC
3630,SHEPPARTON,VIC
3630,SHEPPARTON SOUTH,VIC
3631,ARCADIA,VIC
3631,ARCADIA SOUTH,VIC
3631,COSGROVE,VIC
3631,COSGROVE SOUTH,VIC
3631,GRAHAMVALE,VIC
3631,KARRAMOMUS,VIC
3631,KIALLA,VIC
3631,KIALLA EAST,VIC
3631,KIALLA WEST,VIC
3631,LEMNOS,VIC
3631,ORRVALE,VIC
3631,PINE LODGE,VIC
3631,SHEPPARTON EAST,VIC
3631,SHEPPARTON NORTH,VIC
3631,TAMLEUGH WEST,VIC
3632,SHEPPARTON,VIC
3633,CONGUPNA,VIC
3634,BUNBARTHA,VIC
3634,INVERGORDON SOUTH,VIC
3634,KATANDRA,VIC
3634,KATANDRA WEST,VIC
3634,MARIONVALE,VIC
3634,MARUNGI,VIC
3634,TALLYGAROOPNA,VIC
3634,ZEERUST,VIC
3635,KAARIMBA,VIC
3635,MUNDOONA,VIC
3635,WUNGHNU,VIC
3636,DRUMANURE,VIC
3636,INVERGORDON,VIC
3636,NARING,VIC
3636,NUMURKAH,VIC
3637,WAAIA,VIC
3637,YALCA,VIC
3638,KOTUPNA,VIC
3638,NATHALIA,VIC
3638,YIELIMA,VIC
3639,BARMAH,VIC
3639,LOWER MOIRA,VIC
3639,PICOLA,VIC
3639,PICOLA WEST,VIC
3640,KATUNGA,VIC
3641,BEARII,VIC
3641,MYWEE,VIC
3641,STRATHMERTON,VIC
3641,ULUPNA,VIC
3643,COBRAM,VIC
3644,COBRAM,VIC
3644,COBRAM EAST,VIC
3644,KOONOOMOO,VIC
3644,MUCKATAH,VIC
3644,YARROWEYAH,VIC
3646,DOOKIE,VIC
3646,MOUNT MAJOR,VIC
3646,NALINGA,VIC
3646,WAGGARANDALL,VIC
3646,WATTVILLE,VIC
3646,YABBA NORTH,VIC
3646,YABBA SOUTH,VIC
3646,YOUANMITE,VIC
3647,DOOKIE COLLEGE,VIC
3649,KATAMATITE,VIC
3649,KATAMATITE EAST,VIC
3658,BROADFORD,VIC
3658,CLONBINANE,VIC
3658,FLOWERDALE,VIC
3658,HAZELDENE,VIC
3658,REEDY CREEK,VIC
3658,STRATH CREEK,VIC
3658,SUGARLOAF CREEK,VIC
3658,SUNDAY CREEK,VIC
3658,TYAAK,VIC
3658,WATERFORD PARK,VIC
3659,SUGARLOAF CREEK,VIC
3659,TALLAROOK,VIC
3660,CAVEAT,VIC
3660,DROPMORE,VIC
3660,DYSART,VIC
3660,HIGHLANDS,VIC
3660,HILLDENE,VIC
3660,KERRISDALE,VIC
3660,KOBYBOYN,VIC
3660,NORTHWOOD,VIC
3660,SEYMOUR,VIC
3660,SEYMOUR SOUTH,VIC
3660,TRAWOOL,VIC
3660,WHITEHEADS CREEK,VIC
3661,SEYMOUR,VIC
3662,PUCKAPUNYAL,VIC
3662,PUCKAPUNYAL MILPO,VIC
3663,MANGALORE,VIC
3664,AVENEL,VIC
3664,UPTON HILL,VIC
3665,LOCKSLEY,VIC
3665,LONGWOOD,VIC
3665,PRANJIP,VIC
3666,BALMATTUM,VIC
3666,CREIGHTON,VIC
3666,CREIGHTONS CREEK,VIC
3666,EUROA,VIC
3666,GOORAM,VIC
3666,KELVIN VIEW,VIC
3666,KITHBROOK,VIC
3666,LONGWOOD EAST,VIC
3666,MIEPOLL,VIC
3666,MOGLONEMBY,VIC
3666,MOLKA,VIC
3666,PRANJIP,VIC
3666,RIGGS CREEK,VIC
3666,RUFFY,VIC
3666,SHEANS CREEK,VIC
3666,STRATHBOGIE,VIC
3666,TARCOMBE,VIC
3669,BOHO,VIC
3669,BOHO SOUTH,VIC
3669,CREEK JUNCTION,VIC
3669,EARLSTON,VIC
3669,GOWANGARDIE,VIC
3669,KOONDA,VIC
3669,MARRAWEENEY,VIC
3669,TAMLEUGH,VIC
3669,TAMLEUGH NORTH,VIC
3669,UPOTIPOTPON,VIC
3669,VIOLET TOWN,VIC
3670,BADDAGINNIE,VIC
3670,TARNOOK,VIC
3670,WARRENBAYNE,VIC
3671,BENALLA,VIC
3672,BENALLA,VIC
3672,BENALLA WEST,VIC
3673,BENALLA,VIC
3673,BROKEN CREEK,VIC
3673,GOOMALIBEE,VIC
3673,KILFEERA,VIC
3673,LAKE MOKOAN,VIC
3673,LIMA,VIC
3673,LIMA EAST,VIC
3673,LIMA SOUTH,VIC
3673,LURG,VIC
3673,MOLYULLAH,VIC
3673,MOORNGAG,VIC
3673,SAMARIA,VIC
3673,SWANPOOL,VIC
3673,TATONG,VIC
3673,UPOTIPOTPON,VIC
3673,UPPER LURG,VIC
3673,UPPER RYANS CREEK,VIC
3673,WINTON,VIC
3673,WINTON NORTH,VIC
3675,BOWEYA,VIC
3675,BOWEYA NORTH,VIC
3675,GLENROWAN,VIC
3675,GLENROWAN WEST,VIC
3675,GRETA,VIC
3675,GRETA SOUTH,VIC
3675,GRETA WEST,VIC
3675,HANSONVILLE,VIC
3675,MOUNT BRUNO,VIC
3675,TAMINICK,VIC
3676,WANGARATTA,VIC
3677,APPIN PARK,VIC
3677,WANGARATTA,VIC
3677,WANGARATTA WEST,VIC
3677,YARRUNGA,VIC
3678,BOBINAWARRAH,VIC
3678,BOORHAMAN,VIC
3678,BOORHAMAN EAST,VIC
3678,BOWSER,VIC
3678,BYAWATHA,VIC
3678,CARBOOR,VIC
3678,CHESHUNT,VIC
3678,CHESHUNT SOUTH,VIC
3678,DOCKER,VIC
3678,DOCKERS PLAINS,VIC
3678,EAST WANGARATTA,VIC
3678,EDI,VIC
3678,EDI UPPER,VIC
3678,EVERTON,VIC
3678,EVERTON UPPER,VIC
3678,KILLAWARRA,VIC
3678,KING VALLEY,VIC
3678,LACEBY,VIC
3678,LONDRIGAN,VIC
3678,MARKWOOD,VIC
3678,MEADOW CREEK,VIC
3678,MILAWA,VIC
3678,NORTH WANGARATTA,VIC
3678,OXLEY,VIC
3678,OXLEY FLATS,VIC
3678,PEECHELBA,VIC
3678,PEECHELBA EAST,VIC
3678,ROSE RIVER,VIC
3678,TARRAWINGEE,VIC
3678,WABONGA,VIC
3678,WALDARA,VIC
3678,WANGANDARY,VIC
3678,WANGARATTA FORWARD,VIC
3678,WANGARATTA SOUTH,VIC
3678,WHITLANDS,VIC
3682,BORALMA,VIC
3682,LILLIPUT,VIC
3682,NORONG,VIC
3682,SPRINGHURST,VIC
3683,CHILTERN,VIC
3683,CHILTERN VALLEY,VIC
3683,CORNISHTOWN,VIC
3683,INDIGO,VIC
3685,BOORHAMAN NORTH,VIC
3685,BRIMIN,VIC
3685,BROWNS PLAINS,VIC
3685,CARLYLE,VIC
3685,DUGAYS BRIDGE,VIC
3685,GOORAMADDA,VIC
3685,GREAT SOUTHERN,VIC
3685,LAKE MOODEMERE,VIC
3685,NORONG CENTRAL,VIC
3685,PRENTICE NORTH,VIC
3685,RUTHERGLEN,VIC
3687,CARLYLE,VIC
3687,WAHGUNYAH,VIC
3688,BARNAWARTHA,VIC
3688,BARNAWARTHA NORTH,VIC
3688,INDIGO UPPER,VIC
3688,INDIGO VALLEY,VIC
3689,WODONGA,VIC
3690,WEST WODONGA,VIC
3690,WODONGA,VIC
3690,WODONGA PLAZA,VIC
3691,ALLANS FLAT,VIC
3691,BANDIANA,VIC
3691,BARANDUDA,VIC
3691,BARNAWARTHA NORTH,VIC
3691,BELLBRIDGE,VIC
3691,BERRINGAMA,VIC
3691,BETHANGA,VIC
3691,BONEGILLA,VIC
3691,BUNGIL,VIC
3691,CASTLE CREEK,VIC
3691,CORAL BANK,VIC
3691,DEDERANG,VIC
3691,EBDEN,VIC
3691,GATEWAY ISLAND,VIC
3691,GLEN CREEK,VIC
3691,GUNDOWRING,VIC
3691,HUME WEIR,VIC
3691,HUON CREEK,VIC
3691,KANCOONA,VIC
3691,KANCOONA SOUTH,VIC
3691,KERGUNYAH,VIC
3691,KERGUNYAH SOUTH,VIC
3691,KIEWA,VIC
3691,KILLARA,VIC
3691,LENEVA,VIC
3691,LONE PINE,VIC
3691,LUCYVALE,VIC
3691,MONGANS BRIDGE,VIC
3691,MOUNT ALFRED,VIC
3691,OSBORNES FLAT,VIC
3691,RUNNING CREEK,VIC
3691,STAGHORN FLAT,VIC
3691,TALGARNO,VIC
3691,TANGAMBALANGA,VIC
3691,THOLOGOLONG,VIC
3691,UPPER GUNDOWRING,VIC
3691,WODONGA FORWARD,VIC
3694,BANDIANA,VIC
3694,BANDIANA MILPO,VIC
3695,CHARLEROI,VIC
3695,HUON,VIC
3695,RED BLUFF,VIC
3695,SANDY CREEK,VIC
3697,TAWONGA,VIC
3698,TAWONGA SOUTH,VIC
3699,BOGONG,VIC
3699,FALLS CREEK,VIC
3699,MOUNT BEAUTY,VIC
3699,NELSE,VIC
3700,BULLIOH,VIC
3700,GEORGES CREEK,VIC
3700,JARVIS CREEK,VIC
3700,TALLANGATTA,VIC
3700,TALLANGATTA EAST,VIC
3701,DARTMOUTH,VIC
3701,ESKDALE,VIC
3701,FERNVALE,VIC
3701,GRANITE FLAT,VIC
3701,GRANYA,VIC
3701,MITTA MITTA,VIC
3701,OLD TALLANGATTA,VIC
3701,SHELLEY,VIC
3701,TALLANDOON,VIC
3701,TALLANGATTA SOUTH,VIC
3701,TALLANGATTA VALLEY,VIC
3704,KOETONG,VIC
3705,CUDGEWA,VIC
3705,NARIEL VALLEY,VIC
3707,BIGGARA,VIC
3707,COLAC COLAC,VIC
3707,CORRYONG,VIC
3707,NARIEL VALLEY,VIC
3707,THOWGLA VALLEY,VIC
3707,TOM GROGGIN,VIC
3707,TOWONG,VIC
3707,TOWONG UPPER,VIC
3708,TINTALDRA,VIC
3709,BURROWYE,VIC
3709,GUYS FOREST,VIC
3709,MOUNT ALFRED,VIC
3709,PINE MOUNTAIN,VIC
3709,WALWA,VIC
3711,BUXTON,VIC
3712,RUBICON,VIC
3712,THORNTON,VIC
3713,EILDON,VIC
3713,LAKE EILDON,VIC
3713,TAYLOR BAY,VIC
3714,ACHERON,VIC
3714,ALEXANDRA,VIC
3714,CATHKIN,VIC
3714,CRYSTAL CREEK,VIC
3714,DEVILS RIVER,VIC
3714,FAWCETT,VIC
3714,KORIELLA,VIC
3714,MAINTONGOON,VIC
3714,TAGGERTY,VIC
3714,WHANREGARWEN,VIC
3715,ANCONA,VIC
3715,MERTON,VIC
3715,WOODFIELD,VIC
3717,FLOWERDALE,VIC
3717,GHIN GHIN,VIC
3717,GLENBURN,VIC
3717,HOMEWOOD,VIC
3717,KILLINGWORTH,VIC
3717,LIMESTONE,VIC
3717,MURRINDINDI,VIC
3717,YEA,VIC
3718,MOLESWORTH,VIC
3719,GOBUR,VIC
3719,KANUMBRA,VIC
3719,TERIP TERIP,VIC
3719,YARCK,VIC
3720,BONNIE DOON,VIC
3722,BARWITE,VIC
3722,MANSFIELD,VIC
3722,MIRIMBAH,VIC
3723,ARCHERTON,VIC
3723,BARJARG,VIC
3723,BOOROLITE,VIC
3723,BRIDGE CREEK,VIC
3723,DELATITE,VIC
3723,ENOCHS POINT,VIC
3723,GAFFNEYS CREEK,VIC
3723,GOUGHS BAY,VIC
3723,HOWES CREEK,VIC
3723,HOWQUA,VIC
3723,HOWQUA HILLS,VIC
3723,HOWQUA INLET,VIC
3723,JAMIESON,VIC
3723,KEVINGTON,VIC
3723,KNOCKWOOD,VIC
3723,MACS COVE,VIC
3723,MAINDAMPLE,VIC
3723,MATLOCK,VIC
3723,MERRIJIG,VIC
3723,MOUNT BULLER,VIC
3723,MOUNTAIN BAY,VIC
3723,NILLAHCOOTIE,VIC
3723,PIRIES,VIC
3723,SAWMILL SETTLEMENT,VIC
3723,TOLMIE,VIC
3723,WOODS POINT,VIC
3724,MANSFIELD,VIC
3725,BOXWOOD,VIC
3725,CHESNEY VALE,VIC
3725,GOORAMBAT,VIC
3725,MAJOR PLAINS,VIC
3725,STEWARTON,VIC
3726,BUNGEET,VIC
3726,BUNGEET WEST,VIC
3726,DEVENISH,VIC
3726,THOONA,VIC
3727,ALMONDS,VIC
3727,LAKE ROWAN,VIC
3727,PELLUEBLA,VIC
3727,ST JAMES,VIC
3727,WAGGARANDALL,VIC
3727,YUNDOOL,VIC
3728,BOOMAHNOOMOONAH,VIC
3728,TUNGAMAH,VIC
3728,WILBY,VIC
3728,YOUARANG,VIC
3730,BATHUMI,VIC
3730,BOOSEY,VIC
3730,BUNDALONG,VIC
3730,BUNDALONG SOUTH,VIC
3730,BURRAMINE,VIC
3730,BURRAMINE SOUTH,VIC
3730,ESMOND,VIC
3730,TELFORD,VIC
3730,YARRAWONGA,VIC
3730,YARRAWONGA SOUTH,VIC
3732,MOYHU,VIC
3732,MYRRHEE,VIC
3733,WHITFIELD,VIC
3735,BOWMANS FOREST,VIC
3735,WHOROULY,VIC
3735,WHOROULY EAST,VIC
3735,WHOROULY SOUTH,VIC
3736,MYRTLEFORD,VIC
3737,ABBEYARD,VIC
3737,BARWIDGEE,VIC
3737,BUFFALO RIVER,VIC
3737,DANDONGADALE,VIC
3737,GAPSTED,VIC
3737,HAVILAH,VIC
3737,HAVILLAH,VIC
3737,MERRIANG,VIC
3737,MERRIANG SOUTH,VIC
3737,MUDGEGONGA,VIC
3737,MYRTLEFORD,VIC
3737,NUG NUG,VIC
3737,ROSEWHITE,VIC
3737,SELWYN,VIC
3737,WONNANGATTA,VIC
3738,OVENS,VIC
3739,EUROBIN,VIC
3740,BUCKLAND,VIC
3740,MOUNT BUFFALO,VIC
3740,POREPUNKAH,VIC
3741,BRIGHT,VIC
3741,FREEBURGH,VIC
3741,GERMANTOWN,VIC
3741,HARRIETVILLE,VIC
3741,HOTHAM HEIGHTS,VIC
3741,MOUNT HOTHAM,VIC
3741,SMOKO,VIC
3744,WANDILIGONG,VIC
3746,ELDORADO,VIC
3747,BAARMUTHA,VIC
3747,BEECHWORTH,VIC
3747,HURDLE FLAT,VIC
3747,MURMUNGEE,VIC
3747,SILVER CREEK,VIC
3747,STANLEY,VIC
3747,WOOLSHED,VIC
3747,WOORAGEE,VIC
3749,BRUARONG,VIC
3749,YACKANDANDAH,VIC
3750,WOLLERT,VIC
3751,WOODSTOCK,VIC
3752,MORANG SOUTH,VIC
3752,SOUTH MORANG,VIC
3753,BEVERIDGE,VIC
3754,DOREEN,VIC
3754,MERNDA,VIC
3755,YAN YEAN,VIC
3756,CHINTIN,VIC
3756,DARRAWEIT GUIM,VIC
3756,HIDDEN VALLEY,VIC
3756,UPPER PLENTY,VIC
3756,WALLAN,VIC
3756,WALLAN EAST,VIC
3757,BRUCES CREEK,VIC
3757,EDEN PARK,VIC
3757,HUMEVALE,VIC
3757,KINGLAKE CENTRAL,VIC
3757,KINGLAKE WEST,VIC
3757,PHEASANT CREEK,VIC
3757,WHITTLESEA,VIC
3758,HEATHCOTE JUNCTION,VIC
3758,WANDONG,VIC
3759,PANTON HILL,VIC
3760,SMITHS GULLY,VIC
3761,ST ANDREWS,VIC
3762,BYLANDS,VIC
3763,KINGLAKE,VIC
3763,MOUNT SLIDE,VIC
3764,FORBES,VIC
3764,GLENAROUA,VIC
3764,HIGH CAMP,VIC
3764,KILMORE,VIC
3764,KILMORE EAST,VIC
3764,MORANDING,VIC
3764,TANTARABOO,VIC
3764,WILLOWMAVIN,VIC
3765,MONTROSE,VIC
3766,KALORAMA,VIC
3767,MOUNT DANDENONG,VIC
3770,COLDSTREAM,VIC
3770,GRUYERE,VIC
3770,YERING,VIC
3775,CHRISTMAS HILLS,VIC
3775,DIXONS CREEK,VIC
3775,STEELS CREEK,VIC
3775,TARRAWARRA,VIC
3775,YARRA GLEN,VIC
3777,BADGER CREEK,VIC
3777,CASTELLA,VIC
3777,CHUM CREEK,VIC
3777,HEALESVILLE,VIC
3777,HEALESVILLE MAIN STREET,VIC
3777,HEALESVILLE POST SHOP,VIC
3777,MOUNT TOOLEBEWONG,VIC
3777,TOOLANGI,VIC
3778,FERNSHAW,VIC
3778,NARBETHONG,VIC
3779,CAMBARVILLE,VIC
3779,MARYSVILLE,VIC
3781,COCKATOO,VIC
3781,MOUNT BURNETT,VIC
3781,NANGANA,VIC
3782,AVONSLEIGH,VIC
3782,CLEMATIS,VIC
3782,EMERALD,VIC
3782,MACCLESFIELD,VIC
3783,GEMBROOK,VIC
3785,TREMONT,VIC
3786,FERNY CREEK,VIC
3787,SASSAFRAS,VIC
3787,SASSAFRAS GULLY,VIC
3788,OLINDA,VIC
3789,SHERBROOKE,VIC
3791,KALLISTA,VIC
3792,THE PATCH,VIC
3793,MONBULK,VIC
3795,SILVAN,VIC
3796,MOUNT EVELYN,VIC
3797,GILDEROY,VIC
3797,GLADYSDALE,VIC
3797,POWELLTOWN,VIC
3797,THREE BRIDGES,VIC
3797,YARRA JUNCTION,VIC
3799,BIG PATS CREEK,VIC
3799,EAST WARBURTON,VIC
3799,MCMAHONS CREEK,VIC
3799,MILLGROVE,VIC
3799,REEFTON,VIC
3799,WARBURTON,VIC
3799,WESBURN,VIC
3800,MONASH UNIVERSITY,VIC
3802,ENDEAVOUR HILLS,VIC
3803,HALLAM,VIC
3804,NARRE WARREN EAST,VIC
3804,NARRE WARREN NORTH,VIC
3805,FOUNTAIN GATE,VIC
3805,NARRE WARREN,VIC
3805,NARRE WARREN SOUTH,VIC
3806,BERWICK,VIC
3806,HARKAWAY,VIC
3807,BEACONSFIELD,VIC
3807,GUYS HILL,VIC
3808,BEACONSFIELD UPPER,VIC
3808,DEWHURST,VIC
3809,OFFICER,VIC
3809,OFFICER SOUTH,VIC
3810,PAKENHAM,VIC
3810,PAKENHAM SOUTH,VIC
3810,PAKENHAM UPPER,VIC
3810,RYTHDALE,VIC
3812,MARYKNOLL,VIC
3812,NAR NAR GOON,VIC
3812,NAR NAR GOON NORTH,VIC
3813,TYNONG,VIC
3813,TYNONG NORTH,VIC
3814,CORA LYNN,VIC
3814,GARFIELD,VIC
3814,GARFIELD NORTH,VIC
3814,VERVALE,VIC
3815,BUNYIP,VIC
3815,BUNYIP NORTH,VIC
3815,IONA,VIC
3815,TONIMBUK,VIC
3816,LABERTOUCHE,VIC
3816,LONGWARRY,VIC
3816,LONGWARRY NORTH,VIC
3816,MODELLA,VIC
3818,ATHLONE,VIC
3818,DROUIN,VIC
3818,DROUIN EAST,VIC
3818,DROUIN SOUTH,VIC
3818,DROUIN WEST,VIC
3818,HALLORA,VIC
3818,JINDIVICK,VIC
3818,RIPPLEBROOK,VIC
3818,TARAGO,VIC
3820,BONA VISTA,VIC
3820,LILLICO,VIC
3820,WARRAGUL,VIC
3821,BRANDY CREEK,VIC
3821,BRAVINGTON,VIC
3821,BULN BULN,VIC
3821,BULN BULN EAST,VIC
3821,CROSSOVER,VIC
3821,ELLINBANK,VIC
3821,FERNDALE,VIC
3821,LARDNER,VIC
3821,NAYOOK,VIC
3821,NEERIM JUNCTION,VIC
3821,NEERIM NORTH,VIC
3821,NILMA,VIC
3821,NILMA NORTH,VIC
3821,ROKEBY,VIC
3821,SEAVIEW,VIC
3821,SHADY CREEK,VIC
3821,TETOORA ROAD,VIC
3821,TORWOOD,VIC
3821,WARRAGUL SOUTH,VIC
3821,WARRAGUL WEST,VIC
3822,CLOVERLEA,VIC
3822,DARNUM,VIC
3822,GAINSBOROUGH,VIC
3823,ALLAMBEE,VIC
3823,YARRAGON,VIC
3823,YARRAGON SOUTH,VIC
3824,CHILDERS,VIC
3824,NARRACAN,VIC
3824,THORPDALE SOUTH,VIC
3824,TRAFALGAR,VIC
3824,TRAFALGAR EAST,VIC
3824,TRAFALGAR SOUTH,VIC
3825,ABERFELDY,VIC
3825,AMOR,VIC
3825,BOOLA,VIC
3825,CARINGAL,VIC
3825,COALVILLE,VIC
3825,COOPERS CREEK,VIC
3825,ERICA,VIC
3825,FUMINA,VIC
3825,FUMINA SOUTH,VIC
3825,HERNES OAK,VIC
3825,HILL END,VIC
3825,JACOB CREEK,VIC
3825,JERICHO,VIC
3825,MOE,VIC
3825,MOE SOUTH,VIC
3825,MOONDARRA,VIC
3825,NEWBOROUGH,VIC
3825,NEWBOROUGH EAST,VIC
3825,RAWSON,VIC
3825,TANJIL,VIC
3825,TANJIL SOUTH,VIC
3825,THALLOO,VIC
3825,THALOO,VIC
3825,THOMSON,VIC
3825,TOOMBON,VIC
3825,WALHALLA,VIC
3825,WALHALLA EAST,VIC
3825,WESTBURY,VIC
3825,WILLOW GROVE,VIC
3825,YALLOURN,VIC
3825,YALLOURN NORTH,VIC
3831,NEERIM,VIC
3831,NEERIM EAST,VIC
3831,NEERIM SOUTH,VIC
3832,NAYOOK,VIC
3832,NEERIM JUNCTION,VIC
3832,NEERIM NORTH,VIC
3833,ADA,VIC
3833,BAW BAW,VIC
3833,BAW BAW VILLAGE,VIC
3833,GENTLE ANNIE,VIC
3833,ICY CREEK,VIC
3833,LOCH VALLEY,VIC
3833,MT BAW BAW,VIC
3833,NOOJEE,VIC
3833,PIEDMONT,VIC
3833,TANJIL BREN,VIC
3833,TOORONGO,VIC
3833,VESPER,VIC
3835,THORPDALE,VIC
3840,DRIFFIELD,VIC
3840,HAZELWOOD,VIC
3840,HAZELWOOD NORTH,VIC
3840,HAZELWOOD SOUTH,VIC
3840,JEERALANG,VIC
3840,JEERALANG JUNCTION,VIC
3840,MARYVALE,VIC
3840,MID VALLEY,VIC
3840,MORWELL,VIC
3840,MORWELL EAST,VIC
3840,MORWELL UPPER,VIC
3841,GIPPSLAND MC,VIC
3842,CHURCHILL,VIC
3844,BLACKWARRY,VIC
3844,CALLIGNEE,VIC
3844,CALLIGNEE NORTH,VIC
3844,CALLIGNEE SOUTH,VIC
3844,CARRAJUNG,VIC
3844,CARRAJUNG LOWER,VIC
3844,CARRAJUNG SOUTH,VIC
3844,FLYNN,VIC
3844,FLYNNS CREEK,VIC
3844,KOORNALLA,VIC
3844,LOY YANG,VIC
3844,MOUNT TASSIE,VIC
3844,TRARALGON,VIC
3844,TRARALGON EAST,VIC
3844,TRARALGON SOUTH,VIC
3844,TYERS,VIC
3844,WILLUNG SOUTH,VIC
3847,HIAMDALE,VIC
3847,NAMBROK,VIC
3847,ROSEDALE,VIC
3847,WILLUNG,VIC
3847,WILLUNG SOUTH,VIC
3850,GIFFARD,VIC
3850,GUTHRIDGE,VIC
3850,SALE,VIC
3850,SALE NORTH,VIC
3850,WURRUK,VIC
3851,AIRLY,VIC
3851,BUNDALAGUAH,VIC
3851,CLYDEBANK,VIC
3851,COBAINS,VIC
3851,DARRIMAN,VIC
3851,DUTSON,VIC
3851,DUTSON DOWNS,VIC
3851,FLAMINGO BEACH,VIC
3851,FULHAM,VIC
3851,GIFFARD,VIC
3851,GIFFARD WEST,VIC
3851,GLOMAR BEACH,VIC
3851,GOLDEN BEACH,VIC
3851,KILMANY,VIC
3851,LAKE WELLINGTON,VIC
3851,LOCH SPORT,VIC
3851,LONGFORD,VIC
3851,MONTGOMERY,VIC
3851,MYRTLEBANK,VIC
3851,PARADISE BEACH,VIC
3851,PEARSONDALE,VIC
3851,SEACOMBE,VIC
3851,SEASPRAY,VIC
3851,SOMERTON PARK,VIC
3851,STRADBROKE,VIC
3851,THE HEART,VIC
3851,THE HONEYSUCKLES,VIC
3852,EAST SALE,VIC
3852,EAST SALE RAAF,VIC
3852,SALE EAST RAAF,VIC
3853,SALE,VIC
3854,GLENGARRY,VIC
3854,GLENGARRY NORTH,VIC
3854,GLENGARRY WEST,VIC
3856,TOONGABBIE,VIC
3857,COWWARR,VIC
3858,ARBUCKLE,VIC
3858,BILLABONG,VIC
3858,BURAGWONDUC,VIC
3858,CROOKAYAN,VIC
3858,DAWSON,VIC
3858,DENISON,VIC
3858,GILLUM,VIC
3858,GLEN FALLOCH,VIC
3858,GLENFALLOCH,VIC
3858,GLENMAGGIE,VIC
3858,HEYFIELD,VIC
3858,HOWITT PLAINS,VIC
3858,LICOLA,VIC
3858,LICOLA NORTH,VIC
3858,REYNARD,VIC
3858,SARGOOD,VIC
3858,SEATON,VIC
3858,TAMBORITHA,VIC
3858,WINNINDOO,VIC
3858,WORROWING,VIC
3858,YANGOURA,VIC
3859,MAFFRA WEST UPPER,VIC
3859,MEWBURN PARK,VIC
3859,NEWRY,VIC
3859,TINAMBA,VIC
3859,TINAMBA WEST,VIC
3860,BOISDALE,VIC
3860,BRIAGOLONG,VIC
3860,BUSHY PARK,VIC
3860,COONGULLA,VIC
3860,KOOROOL,VIC
3860,MAFFRA,VIC
3860,MONOMAK,VIC
3860,MOROKA,VIC
3860,NAP NAP MARRA,VIC
3860,NUNTIN,VIC
3860,RIVERSLEA,VIC
3860,TOOLOME,VIC
3860,VALENCIA CREEK,VIC
3860,WOOLENOOK,VIC
3860,WRATHUNG,VIC
3860,WRIXON,VIC
3862,BUDGEE BUDGEE,VIC
3862,CASTLEBURN,VIC
3862,COBBANNAH,VIC
3862,COWA,VIC
3862,CROOKED RIVER,VIC
3862,DARGO,VIC
3862,HAWKHURST,VIC
3862,HOLLANDS LANDING,VIC
3862,LLOWALONG,VIC
3862,MEERLIEU,VIC
3862,MIOWERA,VIC
3862,MOORNAPA,VIC
3862,MUNRO,VIC
3862,PERRY BRIDGE,VIC
3862,STOCKDALE,VIC
3862,STRATFORD,VIC
3862,WATERFORD,VIC
3862,WONGUNGARRA,VIC
3864,FERNBANK,VIC
3864,GLENALADALE,VIC
3864,THE FINGERBOARD,VIC
3865,LINDENOW,VIC
3869,JUMBUK,VIC
3869,YINNAR,VIC
3869,YINNAR SOUTH,VIC
3870,BOOLARRA,VIC
3870,BOOLARRA SOUTH,VIC
3870,BUDGEREE,VIC
3870,BUDGEREE EAST,VIC
3870,GRAND RIDGE,VIC
3870,JOHNSTONES HILL,VIC
3870,MIRBOO EAST,VIC
3871,ALLAMBEE RESERVE,VIC
3871,ALLAMBEE SOUTH,VIC
3871,BAROMI,VIC
3871,DARLIMURLA,VIC
3871,DELBURN,VIC
3871,DOLLAR,VIC
3871,LIMONITE,VIC
3871,MIRBOO,VIC
3871,MIRBOO NORTH,VIC
3871,TARWIN EAST,VIC
3873,GORMANDALE,VIC
3874,CARRAJUNG SOUTH,VIC
3874,CHERRILONG,VIC
3874,MCLOUGHLINS BEACH,VIC
3874,WOODSIDE,VIC
3874,WOODSIDE BEACH,VIC
3874,WOODSIDE NORTH,VIC
3875,BAIRNSDALE,VIC
3875,BANKSIA PENINSULA,VIC
3875,BENGWORDEN,VIC
3875,BROADLANDS,VIC
3875,BULLUMWAAL,VIC
3875,CALULU,VIC
3875,CLIFTON CREEK,VIC
3875,DEPTFORD,VIC
3875,EAST BAIRNSDALE,VIC
3875,EASTWOOD,VIC
3875,ELLASWOOD,VIC
3875,FAIRY DELL,VIC
3875,FLAGGY CREEK,VIC
3875,FORGE CREEK,VIC
3875,GOON NURE,VIC
3875,GRANITE ROCK,VIC
3875,HILLSIDE,VIC
3875,HOLLANDS LANDING,VIC
3875,IGUANA CREEK,VIC
3875,LINDENOW SOUTH,VIC
3875,LUCKNOW,VIC
3875,MARTHAVALE,VIC
3875,MELWOOD,VIC
3875,MERRIJIG,VIC
3875,MOUNT TAYLOR,VIC
3875,NEWLANDS ARM,VIC
3875,RYANS,VIC
3875,SARSFIELD,VIC
3875,TABBERABBERA,VIC
3875,WALPA,VIC
3875,WATERHOLES,VIC
3875,WENTWORTH,VIC
3875,WOODGLEN,VIC
3875,WUK WUK,VIC
3875,WY YUNG,VIC
3878,EAGLE POINT,VIC
3880,BOOLE POOLE,VIC
3880,OCEAN GRANGE,VIC
3880,PAYNESVILLE,VIC
3880,RAYMOND ISLAND,VIC
3882,NICHOLSON,VIC
3885,BRUMBY,VIC
3885,BRUTHEN,VIC
3885,BUCHAN,VIC
3885,BUCHAN SOUTH,VIC
3885,BUTCHERS RIDGE,VIC
3885,GELANTIPY,VIC
3885,MOSSIFACE,VIC
3885,MURRINDAL,VIC
3885,SUGGAN BUGGAN,VIC
3885,TAMBO UPPER,VIC
3885,TIMBARRA,VIC
3885,W TREE,VIC
3885,WISELEIGH,VIC
3885,WULGULMERANG,VIC
3885,WULGULMERANG EAST,VIC
3885,WULGULMERANG WEST,VIC
3885,YALMY,VIC
3886,NEWMERELLA,VIC
3887,LAKE TYERS,VIC
3887,NOWA NOWA,VIC
3887,WAIREWA,VIC
3888,BENDOC,VIC
3888,BETE BOLONG,VIC
3888,BETE BOLONG NORTH,VIC
3888,BONANG,VIC
3888,BRODRIBB RIVER,VIC
3888,CABANANDRA,VIC
3888,CAPE CONRAN,VIC
3888,CORRINGLE,VIC
3888,DEDDICK VALLEY,VIC
3888,DELEGATE RIVER,VIC
3888,DELEGATE RIVER EAST,VIC
3888,DELLICKNORA,VIC
3888,GOONGERAH,VIC
3888,HAYDENS BOG,VIC
3888,JARRAHMOND,VIC
3888,LOCHEND,VIC
3888,MARLO,VIC
3888,MARTINS CREEK,VIC
3888,NURRAN,VIC
3888,OMEO VALLEY,VIC
3888,ORBOST,VIC
3888,SIMPSONS CREEK,VIC
3888,TOSTAREE,VIC
3888,TUBBUT,VIC
3888,WAYGARA,VIC
3888,WOMBAT CREEK,VIC
3889,BELL BIRD CREEK,VIC
3889,BELLBIRD CREEK,VIC
3889,BEMM RIVER,VIC
3889,CABBAGE TREE CREEK,VIC
3889,CLUB TERRACE,VIC
3889,COMBIENBAR,VIC
3889,ERRINUNDRA,VIC
3889,MANORINA,VIC
3890,BULDAH,VIC
3890,CANN RIVER,VIC
3890,CHANDLERS CREEK,VIC
3890,NOORINBEE,VIC
3890,NOORINBEE NORTH,VIC
3890,TAMBOON,VIC
3890,TONGHI CREEK,VIC
3890,WEERAGUA,VIC
3891,GENOA,VIC
3891,GIPSY POINT,VIC
3891,MARAMINGO CREEK,VIC
3891,WALLAGARAUGH,VIC
3891,WANGARABELL,VIC
3891,WINGAN RIVER,VIC
3891,WROXHAM,VIC
3892,MALLACOOTA,VIC
3893,DOUBLE BRIDGES,VIC
3893,STIRLING,VIC
3893,TAMBO CROSSING,VIC
3895,DOCTORS FLAT,VIC
3895,ENSAY,VIC
3895,ENSAY NORTH,VIC
3895,REEDY CREEK,VIC
3895,REEDY FLAT,VIC
3896,BINDI,VIC
3896,BROOKVILLE,VIC
3896,NUNNIONG,VIC
3896,SWIFTS CREEK,VIC
3896,TONGIO,VIC
3898,ANGLERS REST,VIC
3898,BINGO,VIC
3898,BINGO MUNJIE,VIC
3898,BUNDARA,VIC
3898,CASSILIS,VIC
3898,COBUNGRA,VIC
3898,DINNER PLAIN,VIC
3898,GLEN VALLEY,VIC
3898,GLEN WILLS,VIC
3898,HINNOMUNJIE,VIC
3898,OMEO,VIC
3898,OMEO VALLEY,VIC
3898,SHANNONVALE,VIC
3900,BENAMBRA,VIC
3900,COBBERAS,VIC
3900,UPLANDS,VIC
3902,BUMBERRAH,VIC
3902,JOHNSONVILLE,VIC
3903,SWAN REACH,VIC
3904,METUNG,VIC
3909,KALIMNA,VIC
3909,KALIMNA WEST,VIC
3909,LAKE BUNGA,VIC
3909,LAKE TYERS BEACH,VIC
3909,LAKES ENTRANCE,VIC
3909,NUNGURNER,VIC
3909,NYERIMILANG,VIC
3909,TOORLOO ARM,VIC
3910,LANGWARRIN,VIC
3911,BAXTER,VIC
3911,LANGWARRIN SOUTH,VIC
3912,PEARCEDALE,VIC
3912,SOMERVILLE,VIC
3913,TYABB,VIC
3915,HASTINGS,VIC
3915,TUERONG,VIC
3916,MERRICKS,VIC
3916,POINT LEO,VIC
3916,SHOREHAM,VIC
3918,BITTERN,VIC
3919,CRIB POINT,VIC
3920,FLINDERS NAVAL DEPOT,VIC
3920,HMAS CERBERUS,VIC
3921,ELIZABETH ISLAND,VIC
3921,FRENCH ISLAND,VIC
3921,TANKERTON,VIC
3922,COWES,VIC
3922,SILVERLEAVES,VIC
3922,SMITHS BEACH,VIC
3922,SUMMERLANDS,VIC
3922,SUNDERLAND BAY,VIC
3922,SUNSET STRIP,VIC
3922,SURF BEACH,VIC
3922,VENTNOR,VIC
3922,WIMBLEDON HEIGHTS,VIC
3923,RHYLL,VIC
3925,CAPE WOOLAMAI,VIC
3925,CHURCHILL ISLAND,VIC
3925,NEWHAVEN,VIC
3925,SAN REMO,VIC
3926,BALNARRING,VIC
3926,BALNARRING BEACH,VIC
3926,MERRICKS BEACH,VIC
3926,MERRICKS NORTH,VIC
3927,SOMERS,VIC
3928,MAIN RIDGE,VIC
3929,FLINDERS,VIC
3930,KUNYUNG,VIC
3930,MOUNT ELIZA,VIC
3931,MORNINGTON,VIC
3933,MOOROODUC,VIC
3934,MOUNT MARTHA,VIC
3936,ARTHURS SEAT,VIC
3936,DROMANA,VIC
3936,SAFETY BEACH,VIC
3937,RED HILL,VIC
3937,RED HILL SOUTH,VIC
3938,MCCRAE,VIC
3939,BONEO,VIC
3939,CAPE SCHANCK,VIC
3939,FINGAL,VIC
3939,ROSEBUD,VIC
3939,ROSEBUD PLAZA,VIC
3940,CAPEL SOUND,VIC
3940,ROSEBUD WEST,VIC
3941,RYE,VIC
3941,ST ANDREWS BEACH,VIC
3941,TOOTGAROOK,VIC
3942,BLAIRGOWRIE,VIC
3943,SORRENTO,VIC
3944,PORTSEA,VIC
3945,BELLVIEW,VIC
3945,JEETHO,VIC
3945,KROWERA,VIC
3945,LOCH,VIC
3945,WOODLEIGH,VIC
3946,BENA,VIC
3950,KARDELLA SOUTH,VIC
3950,KORUMBURRA,VIC
3950,KORUMBURRA SOUTH,VIC
3950,STRZELECKI,VIC
3950,WHITELAW,VIC
3951,ARAWATA,VIC
3951,FAIRBANK,VIC
3951,JUMBUNNA,VIC
3951,KARDELLA,VIC
3951,KONGWAK,VIC
3951,MOYARRA,VIC
3951,OUTTRIM,VIC
3951,RANCEBY,VIC
3953,BERRYS CREEK,VIC
3953,BOOROOL,VIC
3953,HALLSTON,VIC
3953,KOOROOMAN,VIC
3953,LEONGATHA,VIC
3953,LEONGATHA NORTH,VIC
3953,LEONGATHA SOUTH,VIC
3953,MARDAN,VIC
3953,MOUNT ECCLES,VIC
3953,MOUNT ECCLES SOUTH,VIC
3953,NERRENA,VIC
3953,RUBY,VIC
3953,TRIDA,VIC
3953,WILD DOG VALLEY,VIC
3953,WOOREEN,VIC
3954,KOONWARRA,VIC
3956,DUMBALK,VIC
3956,DUMBALK NORTH,VIC
3956,MEENIYAN,VIC
3956,MIDDLE TARWIN,VIC
3956,MIRBOO SOUTH,VIC
3956,TARWIN,VIC
3956,TARWIN LOWER,VIC
3956,VENUS BAY,VIC
3956,WALKERVILLE,VIC
3956,WALKERVILLE NORTH,VIC
3956,WALKERVILLE SOUTH,VIC
3957,GRASSY SPUR,VIC
3957,STONY CREEK,VIC
3958,BUFFALO,VIC
3958,BUFFALO CREEK,VIC
3959,FISH CREEK,VIC
3959,HODDLE,VIC
3959,SANDY POINT,VIC
3959,WARATAH BAY,VIC
3959,WARATAH NORTH,VIC
3960,BENNISON,VIC
3960,BOOLARONG,VIC
3960,FOSTER,VIC
3960,FOSTER NORTH,VIC
3960,GUNYAH,VIC
3960,MOUNT BEST,VIC
3960,RUMBUG,VIC
3960,SHALLOW INLET,VIC
3960,TIDAL RIVER,VIC
3960,TURTONS CREEK,VIC
3960,WILSONS PROMONTORY,VIC
3960,WONGA,VIC
3960,WOORARRA WEST,VIC
3960,YANAKIE,VIC
3962,AGNES,VIC
3962,CHRISTIES,VIC
3962,GRAND RIDGE,VIC
3962,TOORA,VIC
3962,TOORA NORTH,VIC
3962,WONYIP,VIC
3962,WOORARRA,VIC
3962,WOORARRA EAST,VIC
3964,PORT FRANKLIN,VIC
3965,PORT WELSHPOOL,VIC
3966,BINGINWARRI,VIC
3966,HAZEL PARK,VIC
3966,WELSHPOOL,VIC
3967,HEDLEY,VIC
3971,ALBERTON,VIC
3971,ALBERTON WEST,VIC
3971,BALOOK,VIC
3971,BAROMI,VIC
3971,CALROSSIE,VIC
3971,DEVON NORTH,VIC
3971,GELLIONDALE,VIC
3971,HIAWATHA,VIC
3971,HUNTERSTON,VIC
3971,JACK RIVER,VIC
3971,LANGSBOROUGH,VIC
3971,MACKS CREEK,VIC
3971,MADALYA,VIC
3971,MANNS BEACH,VIC
3971,PORT ALBERT,VIC
3971,ROBERTSONS BEACH,VIC
3971,SNAKE ISLAND,VIC
3971,STACEYS BRIDGE,VIC
3971,TARRA VALLEY,VIC
3971,TARRAVILLE,VIC
3971,WON WRON,VIC
3971,YARRAM,VIC
3975,LYNBROOK,VIC
3975,LYNDHURST,VIC
3976,HAMPTON PARK,VIC
3977,BOTANIC RIDGE,VIC
3977,CANNONS CREEK,VIC
3977,CRANBOURNE,VIC
3977,CRANBOURNE EAST,VIC
3977,CRANBOURNE NORTH,VIC
3977,CRANBOURNE SOUTH,VIC
3977,CRANBOURNE WEST,VIC
3977,DEVON MEADOWS,VIC
3977,FIVE WAYS,VIC
3977,JUNCTION VILLAGE,VIC
3977,SANDHURST,VIC
3977,SKYE,VIC
3978,CARDINIA,VIC
3978,CLYDE,VIC
3978,CLYDE NORTH,VIC
3979,ALMURTA,VIC
3979,GLEN ALVIE,VIC
3979,KERNOT,VIC
3979,KORRINE,VIC
3980,BLIND BIGHT,VIC
3980,TOORADIN,VIC
3980,WARNEET,VIC
3981,BAYLES,VIC
3981,CATANI,VIC
3981,DALMORE,VIC
3981,HEATH HILL,VIC
3981,KOO WEE RUP,VIC
3981,KOO WEE RUP NORTH,VIC
3981,YANNATHAN,VIC
3984,ADAMS ESTATE,VIC
3984,CALDERMEADE,VIC
3984,CORINELLA,VIC
3984,CORONET BAY,VIC
3984,GRANTVILLE,VIC
3984,JAM JERRUP,VIC
3984,LANG LANG,VIC
3984,LANG LANG EAST,VIC
3984,MONOMEITH,VIC
3984,PIONEER BAY,VIC
3984,QUEENSFERRY,VIC
3984,TENBY POINT,VIC
3984,THE GURDIES,VIC
3987,NYORA,VIC
3988,MOUNTAIN VIEW,VIC
3988,POOWONG,VIC
3988,POOWONG EAST,VIC
3988,POOWONG NORTH,VIC
3989,ST HELIER,VIC
3990,GLEN FORBES,VIC
3991,BASS,VIC
3992,BLACKWOOD FOREST,VIC
3992,DALYSTON,VIC
3992,RYANSTON,VIC
3992,WEST CREEK,VIC
3995,ANDERSON,VIC
3995,ARCHIES CREEK,VIC
3995,CAPE PATERSON,VIC
3995,HARMERS HAVEN,VIC
3995,HICKSBOROUGH,VIC
3995,KILCUNDA,VIC
3995,LANCE CREEK,VIC
3995,NORTH WONTHAGGI,VIC
3995,POWLETT RIVER,VIC
3995,SOUTH DUDLEY,VIC
3995,ST CLAIR,VIC
3995,WATTLE BANK,VIC
3995,WONTHAGGI,VIC
3995,WOOLAMAI,VIC
3996,INVERLOCH,VIC
3996,POUND CREEK,VIC
8001,MELBOURNE,VIC
8002,EAST MELBOURNE,VIC
8003,COLLINS STREET EAST,VIC
8004,ST KILDA ROAD,VIC
8005,WORLD TRADE CENTRE,VIC
8006,ABECKETT STREET,VIC
8007,COLLINS STREET WEST,VIC
8008,ST KILDA ROAD CENTRAL,VIC
8009,FLINDERS LANE,VIC
8010,LAW COURTS,VIC
8011,LITTLE LONSDALE STREET,VIC
8012,DOCKLANDS,VIC
8045,MELBOURNE,VIC
8051,MELBOURNE,VIC
8066,MELBOURNE,VIC
8069,MELBOURNE,VIC
8070,MELBOURNE,VIC
8071,MELBOURNE,VIC
8102,MELBOURNE,VIC
8107,MELBOURNE,VIC
8111,MELBOURNE,VIC
8120,MELBOURNE,VIC
8205,MELBOURNE,VIC
8785,DANDENONG,VIC
